{"assets":{"2F1F0F862E43550D330D1D468C61BA83":{"type":"texture","index":0,"url":{"native":"assets\/34C89899-119E-48DE-B810-76B4DF3CFF9D.pdf"},"width":1920,"height":1080},"0CA9A92BFAC11CAD552B0A51B5A72794":{"type":"texture","index":1,"url":{"native":"assets\/34C89899-119E-48DE-B810-76B4DF3CFF9D.pdf"},"width":1920,"height":1080}},"events":[{"effects":[{"beginTime":0,"baseLayer":{"animations":[],"initialState":{"affineTransform":[1,0,0,1,0,0],"masksToBounds":false,"rotation":0,"scale":1,"position":{"pointX":960,"pointY":540},"width":1920,"sublayerTransform":[1,0,0,0,0,1,0,0,0,0,1,0,0,0,0,1],"contentsRect":{"y":0,"x":0,"width":1,"height":1},"opacity":1,"edgeAntialiasingMask":251658240,"height":1080,"hidden":false,"anchorPoint":{"pointX":0.5,"pointY":0.5}},"objectID":"0","layers":[{"animations":[],"initialState":{"affineTransform":[1,0,0,1,0,0],"masksToBounds":false,"rotation":0,"scale":1,"position":{"pointX":960,"pointY":540},"width":1920,"sublayerTransform":[1,0,0,0,0,1,0,0,0,0,1,-0.00035007912466775983,0,0,0,1],"contentsRect":{"y":0,"x":0,"width":1,"height":1},"opacity":1,"edgeAntialiasingMask":251658240,"height":1080,"hidden":false,"anchorPoint":{"pointX":0.5,"pointY":0.5}},"layers":[{"animations":[],"layers":[],"texturedRectangle":{"isBackgroundTexture":false,"singleTextureOpacity":1,"textureType":0,"textBaseline":0,"textXHeight":0,"isVerticalText":false},"initialState":{"affineTransform":[1,0,0,1,0,0],"masksToBounds":false,"rotation":0,"scale":1,"position":{"pointX":960,"pointY":540},"width":1920,"sublayerTransform":[1,0,0,0,0,1,0,0,0,0,1,0,0,0,0,1],"contentsRect":{"y":0,"x":0,"width":1,"height":1},"opacity":1,"edgeAntialiasingMask":0,"height":1080,"hidden":false,"anchorPoint":{"pointX":0.5,"pointY":0.5}},"texture":"0CA9A92BFAC11CAD552B0A51B5A72794"},{"animations":[{"additive":false,"timeOffset":0,"beginTime":0,"from":{"scalar":false},"repeatCount":0,"fillMode":"both","duration":0.001,"autoreverses":false,"property":"hidden","to":{"scalar":true},"removedOnCompletion":false}],"layers":[],"texturedRectangle":{"isBackgroundTexture":false,"singleTextureOpacity":1,"textureType":0,"textBaseline":0,"textXHeight":0,"isVerticalText":false},"initialState":{"affineTransform":[1,0,0,1,0,0],"masksToBounds":false,"rotation":0,"scale":1,"position":{"pointX":960,"pointY":540},"width":1920,"sublayerTransform":[1,0,0,0,0,1,0,0,0,0,1,0,0,0,0,1],"contentsRect":{"y":0,"x":0,"width":1,"height":1},"opacity":1,"edgeAntialiasingMask":0,"height":1080,"hidden":false,"anchorPoint":{"pointX":0.5,"pointY":0.5}},"texture":"2F1F0F862E43550D330D1D468C61BA83"}]}]},"effects":[],"duration":0.001,"type":"transition","attributes":{"direction":0},"name":"none","objectID":"0"}],"automaticPlay":false,"hyperlinks":[],"accessibility":[{"text":"gameplay.js","targetRectangle":{"y":908.83880615234375,"x":1553,"width":200.60200000000009,"height":43.936004638671875}},{"text":"index.html","targetRectangle":{"y":698.83880615234375,"x":1565.069580078125,"width":176.70000000000005,"height":43.936004638671875}},{"text":"server","targetRectangle":{"y":632.30242919921875,"x":1444.9375930175781,"width":91.327999999999975,"height":38.07177734375}},{"text":"Front end, Back end","targetRectangle":{"y":79,"x":99,"width":786.59000068396313,"height":100.53440856933594}},{"text":"styles.css","targetRectangle":{"y":768.83880615234375,"x":1570.0777587890625,"width":166.78199999999993,"height":43.936004638671875}},{"text":"web browser","targetRectangle":{"y":634.80242919921875,"x":346.44692358398436,"width":190.91200000000003,"height":38.07177734375}},{"text":"lots of choice of programming language (but we'll be using JavaScript)","targetRectangle":{"y":400.31672954559326,"x":1218.0855712890625,"width":577.88799999999992,"height":71.393602630996611}},{"text":"the JS code can load and save files, talk to other servers, etc","targetRectangle":{"y":468.89592699508648,"x":1218.0855712890625,"width":585.02400000000011,"height":116.39360263099661}},{"text":"server.js","targetRectangle":{"y":788.555983543396,"x":1279,"width":138.62400000000002,"height":43.936004638671875}},{"text":"(styles)","targetRectangle":{"y":768.31800746917725,"x":382.6549072265625,"width":117.49599999999998,"height":43.936004638671875}},{"text":"Front End","targetRectangle":{"y":299.69616603851318,"x":336.47491455078125,"width":223.20000000000005,"height":56.607666015625}},{"text":"(the html)","targetRectangle":{"y":698.31800746917725,"x":362.55291748046875,"width":157.70000000000005,"height":43.936004638671875}},{"text":"Back End","targetRectangle":{"y":299.69616603851318,"x":1386.517578125,"width":218.6880000000001,"height":56.607666015625}},{"text":"(cat)","targetRectangle":{"y":838.31800746917725,"x":405.169921875,"width":72.466000000000008,"height":43.936004638671875}},{"text":"cat.jpg","targetRectangle":{"y":838.83880615234375,"x":1595.6561279296875,"width":116.12799999999993,"height":43.936004638671875}},{"text":"the only programming language available is JavaScript","targetRectangle":{"y":400.31672954559326,"x":169.38691711425781,"width":462.36800000000005,"height":71.393602630996611}},{"text":"the JS code can manipulate the page, fetch data, etc","targetRectangle":{"y":468.89592699508648,"x":169.38691711425781,"width":551.904,"height":116.39360263099661}},{"text":"(gameplay)","targetRectangle":{"y":908.31800746917725,"x":348.85391235351562,"width":185.09799999999996,"height":43.936004638671875}}],"baseLayer":{"animations":[],"initialState":{"affineTransform":[1,0,0,1,0,0],"masksToBounds":false,"rotation":0,"scale":1,"position":{"pointX":960,"pointY":540},"width":1920,"sublayerTransform":[1,0,0,0,0,1,0,0,0,0,1,0,0,0,0,1],"contentsRect":{"y":0,"x":0,"width":1,"height":1},"opacity":1,"edgeAntialiasingMask":251658240,"height":1080,"hidden":false,"anchorPoint":{"pointX":0.5,"pointY":0.5}},"objectID":"0","layers":[{"animations":[],"initialState":{"affineTransform":[1,0,0,1,0,0],"masksToBounds":false,"rotation":0,"scale":1,"position":{"pointX":960,"pointY":540},"width":1920,"sublayerTransform":[1,0,0,0,0,1,0,0,0,0,1,-0.00035007912466775983,0,0,0,1],"contentsRect":{"y":0,"x":0,"width":1,"height":1},"opacity":1,"edgeAntialiasingMask":251658240,"height":1080,"hidden":false,"anchorPoint":{"pointX":0.5,"pointY":0.5}},"layers":[{"animations":[],"layers":[],"texturedRectangle":{"isBackgroundTexture":false,"singleTextureOpacity":1,"textureType":0,"textBaseline":0,"textXHeight":0,"isVerticalText":false},"initialState":{"affineTransform":[1,0,0,1,0,0],"masksToBounds":false,"rotation":0,"scale":1,"position":{"pointX":960,"pointY":540},"width":1920,"sublayerTransform":[1,0,0,0,0,1,0,0,0,0,1,0,0,0,0,1],"contentsRect":{"y":0,"x":0,"width":1,"height":1},"opacity":1,"edgeAntialiasingMask":0,"height":1080,"hidden":false,"anchorPoint":{"pointX":0.5,"pointY":0.5}},"texture":"2F1F0F862E43550D330D1D468C61BA83"}]}]}}]}