{"assets":{"0FAFF458A4138AD315E54F3FCCA77F1C":{"type":"texture","index":0,"url":{"native":"assets\/C4B959FA-AFE9-48DE-AE45-13C9E79672FD.pdf"},"width":1920,"height":1080},"1C8E832792C92CC16CD16465A627BB9D":{"type":"texture","index":1,"url":{"native":"assets\/C4B959FA-AFE9-48DE-AE45-13C9E79672FD.pdf"},"width":1920,"height":1080}},"events":[{"effects":[{"beginTime":0,"baseLayer":{"animations":[],"initialState":{"affineTransform":[1,0,0,1,0,0],"masksToBounds":false,"rotation":0,"scale":1,"position":{"pointX":960,"pointY":540},"width":1920,"sublayerTransform":[1,0,0,0,0,1,0,0,0,0,1,0,0,0,0,1],"contentsRect":{"y":0,"x":0,"width":1,"height":1},"opacity":1,"edgeAntialiasingMask":251658240,"height":1080,"hidden":false,"anchorPoint":{"pointX":0.5,"pointY":0.5}},"objectID":"0","layers":[{"animations":[],"initialState":{"affineTransform":[1,0,0,1,0,0],"masksToBounds":false,"rotation":0,"scale":1,"position":{"pointX":960,"pointY":540},"width":1920,"sublayerTransform":[1,0,0,0,0,1,0,0,0,0,1,-0.00035007912466775983,0,0,0,1],"contentsRect":{"y":0,"x":0,"width":1,"height":1},"opacity":1,"edgeAntialiasingMask":251658240,"height":1080,"hidden":false,"anchorPoint":{"pointX":0.5,"pointY":0.5}},"layers":[{"animations":[],"layers":[],"texturedRectangle":{"isBackgroundTexture":false,"singleTextureOpacity":1,"textureType":0,"textBaseline":0,"textXHeight":0,"isVerticalText":false},"initialState":{"affineTransform":[1,0,0,1,0,0],"masksToBounds":false,"rotation":0,"scale":1,"position":{"pointX":960,"pointY":540},"width":1920,"sublayerTransform":[1,0,0,0,0,1,0,0,0,0,1,0,0,0,0,1],"contentsRect":{"y":0,"x":0,"width":1,"height":1},"opacity":1,"edgeAntialiasingMask":0,"height":1080,"hidden":false,"anchorPoint":{"pointX":0.5,"pointY":0.5}},"texture":"1C8E832792C92CC16CD16465A627BB9D"},{"animations":[{"additive":false,"timeOffset":0,"beginTime":0,"from":{"scalar":false},"repeatCount":0,"fillMode":"both","duration":0.001,"autoreverses":false,"property":"hidden","to":{"scalar":true},"removedOnCompletion":false}],"layers":[],"texturedRectangle":{"isBackgroundTexture":false,"singleTextureOpacity":1,"textureType":0,"textBaseline":0,"textXHeight":0,"isVerticalText":false},"initialState":{"affineTransform":[1,0,0,1,0,0],"masksToBounds":false,"rotation":0,"scale":1,"position":{"pointX":960,"pointY":540},"width":1920,"sublayerTransform":[1,0,0,0,0,1,0,0,0,0,1,0,0,0,0,1],"contentsRect":{"y":0,"x":0,"width":1,"height":1},"opacity":1,"edgeAntialiasingMask":0,"height":1080,"hidden":false,"anchorPoint":{"pointX":0.5,"pointY":0.5}},"texture":"0FAFF458A4138AD315E54F3FCCA77F1C"}]}]},"effects":[],"duration":0.001,"type":"transition","attributes":{"direction":0},"name":"none","objectID":"0"}],"automaticPlay":false,"hyperlinks":[],"accessibility":[{"text":"method","targetRectangle":{"y":477.78933596611023,"x":404.69961547851562,"width":164.54399999999998,"height":55.656005859375}},{"text":"body","targetRectangle":{"y":886.76202273368835,"x":453.77801513671875,"width":108.48000000000002,"height":55.656005859375}},{"text":"url","targetRectangle":{"y":345.06783938407898,"x":1106.5848388671875,"width":53.327999999999975,"height":55.656005859375}},{"text":"POST","targetRectangle":{"y":180.59999990463257,"x":98.599999904632568,"width":148.77499999999998,"height":66.404617309570312}},{"text":"What does an HTTP request \\\"look like\\\"?","targetRectangle":{"y":79,"x":99,"width":1558.3050014059247,"height":100.53440856933594}},{"text":"POST \/order\/items","targetRectangle":{"y":476.33425903320312,"x":643.4815673828125,"width":553.56748067773879,"height":64}},{"text":"Host: hyf.example.net","targetRectangle":{"y":540.33425903320312,"x":643.4815673828125,"width":683.81865260191262,"height":82}},{"text":"Accept: *\/*","targetRectangle":{"y":622.33425903320312,"x":643.4815673828125,"width":358.19072279147804,"height":82}},{"text":"Content-Type: ...","targetRectangle":{"y":704.33425903320312,"x":643.4815673828125,"width":553.56748067773879,"height":82}},{"text":"DATA...","targetRectangle":{"y":868.33425903320312,"x":643.4815673828125,"width":228.48955085501075,"height":82}},{"text":"request headers","targetRectangle":{"y":631.6309802532196,"x":226.45164489746094,"width":346.75199999999995,"height":55.656005859375}}],"baseLayer":{"animations":[],"initialState":{"affineTransform":[1,0,0,1,0,0],"masksToBounds":false,"rotation":0,"scale":1,"position":{"pointX":960,"pointY":540},"width":1920,"sublayerTransform":[1,0,0,0,0,1,0,0,0,0,1,0,0,0,0,1],"contentsRect":{"y":0,"x":0,"width":1,"height":1},"opacity":1,"edgeAntialiasingMask":251658240,"height":1080,"hidden":false,"anchorPoint":{"pointX":0.5,"pointY":0.5}},"objectID":"0","layers":[{"animations":[],"initialState":{"affineTransform":[1,0,0,1,0,0],"masksToBounds":false,"rotation":0,"scale":1,"position":{"pointX":960,"pointY":540},"width":1920,"sublayerTransform":[1,0,0,0,0,1,0,0,0,0,1,-0.00035007912466775983,0,0,0,1],"contentsRect":{"y":0,"x":0,"width":1,"height":1},"opacity":1,"edgeAntialiasingMask":251658240,"height":1080,"hidden":false,"anchorPoint":{"pointX":0.5,"pointY":0.5}},"layers":[{"animations":[],"layers":[],"texturedRectangle":{"isBackgroundTexture":false,"singleTextureOpacity":1,"textureType":0,"textBaseline":0,"textXHeight":0,"isVerticalText":false},"initialState":{"affineTransform":[1,0,0,1,0,0],"masksToBounds":false,"rotation":0,"scale":1,"position":{"pointX":960,"pointY":540},"width":1920,"sublayerTransform":[1,0,0,0,0,1,0,0,0,0,1,0,0,0,0,1],"contentsRect":{"y":0,"x":0,"width":1,"height":1},"opacity":1,"edgeAntialiasingMask":0,"height":1080,"hidden":false,"anchorPoint":{"pointX":0.5,"pointY":0.5}},"texture":"0FAFF458A4138AD315E54F3FCCA77F1C"}]}]}}]}