{"assets":{"A1DD739907DD04905FC619B43F8C1FCA":{"type":"texture","index":0,"url":{"native":"assets\/E4FC2BC4-5314-49B3-8579-C7DF4B1E718E.pdf"},"width":1920,"height":1080},"2F1F0F862E43550D330D1D468C61BA83":{"type":"texture","index":1,"url":{"native":"assets\/E4FC2BC4-5314-49B3-8579-C7DF4B1E718E.pdf"},"width":1920,"height":1080}},"events":[{"effects":[{"beginTime":0.5,"baseLayer":{"animations":[],"initialState":{"affineTransform":[1,0,0,1,0,0],"masksToBounds":false,"rotation":0,"scale":1,"position":{"pointX":960,"pointY":540},"width":1920,"sublayerTransform":[1,0,0,0,0,1,0,0,0,0,1,0,0,0,0,1],"contentsRect":{"y":0,"x":0,"width":1,"height":1},"opacity":1,"edgeAntialiasingMask":251658240,"height":1080,"hidden":false,"anchorPoint":{"pointX":0.5,"pointY":0.5}},"objectID":"0","layers":[{"animations":[],"initialState":{"affineTransform":[1,0,0,1,0,0],"masksToBounds":false,"rotation":0,"scale":1,"position":{"pointX":960,"pointY":540},"width":1920,"sublayerTransform":[1,0,0,0,0,1,0,0,0,0,1,-0.00035007912466775983,0,0,0,1],"contentsRect":{"y":0,"x":0,"width":1,"height":1},"opacity":1,"edgeAntialiasingMask":251658240,"height":1080,"hidden":false,"anchorPoint":{"pointX":0.5,"pointY":0.5}},"layers":[{"animations":[],"layers":[],"texturedRectangle":{"isBackgroundTexture":false,"singleTextureOpacity":1,"textureType":0,"textBaseline":0,"textXHeight":0,"isVerticalText":false},"initialState":{"affineTransform":[1,0,0,1,0,0],"masksToBounds":false,"rotation":0,"scale":1,"position":{"pointX":960,"pointY":540},"width":1920,"sublayerTransform":[1,0,0,0,0,1,0,0,0,0,1,0,0,0,0,1],"contentsRect":{"y":0,"x":0,"width":1,"height":1},"opacity":1,"edgeAntialiasingMask":0,"height":1080,"hidden":false,"anchorPoint":{"pointX":0.5,"pointY":0.5}},"texture":"2F1F0F862E43550D330D1D468C61BA83"},{"animations":[{"repeatCount":0,"removedOnCompletion":false,"from":{"scalar":1},"timingFunction":"EaseInEaseOut","additive":false,"timeOffset":0,"autoreverses":false,"property":"opacity","fillMode":"both","duration":1.5,"beginTime":0,"to":{"scalar":0}}],"layers":[],"texturedRectangle":{"isBackgroundTexture":false,"singleTextureOpacity":1,"textureType":0,"textBaseline":0,"textXHeight":0,"isVerticalText":false},"initialState":{"affineTransform":[1,0,0,1,0,0],"masksToBounds":false,"rotation":0,"scale":1,"position":{"pointX":960,"pointY":540},"width":1920,"sublayerTransform":[1,0,0,0,0,1,0,0,0,0,1,0,0,0,0,1],"contentsRect":{"y":0,"x":0,"width":1,"height":1},"opacity":1,"edgeAntialiasingMask":0,"height":1080,"hidden":false,"anchorPoint":{"pointX":0.5,"pointY":0.5}},"texture":"A1DD739907DD04905FC619B43F8C1FCA"}]}]},"effects":[],"duration":1.5,"type":"transition","attributes":{"direction":0},"name":"apple:dissolve","objectID":"0"}],"automaticPlay":true,"hyperlinks":[],"accessibility":[{"text":"cat.jpg","targetRectangle":{"y":838.83880615234375,"x":1595.6561279296875,"width":116.12799999999993,"height":43.936004638671875}},{"text":"index.html","targetRectangle":{"y":698.83880615234375,"x":1565.069580078125,"width":176.70000000000005,"height":43.936004638671875}},{"text":"gameplay.js","targetRectangle":{"y":908.83880615234375,"x":1553,"width":200.60200000000009,"height":43.936004638671875}},{"text":"server.js","targetRectangle":{"y":788.555983543396,"x":1279,"width":138.62400000000002,"height":43.936004638671875}},{"text":"(gameplay)","targetRectangle":{"y":908.31800746917725,"x":348.85391235351562,"width":185.09799999999996,"height":43.936004638671875}},{"text":"server","targetRectangle":{"y":632.30242919921875,"x":1444.9375930175781,"width":91.327999999999975,"height":38.07177734375}},{"text":"(styles)","targetRectangle":{"y":768.31800746917725,"x":382.6549072265625,"width":117.49599999999998,"height":43.936004638671875}},{"text":"(cat)","targetRectangle":{"y":838.31800746917725,"x":405.169921875,"width":72.466000000000008,"height":43.936004638671875}},{"text":"web browser","targetRectangle":{"y":634.80242919921875,"x":346.44692358398436,"width":190.91200000000003,"height":38.07177734375}},{"text":"styles.css","targetRectangle":{"y":768.83880615234375,"x":1570.0777587890625,"width":166.78199999999993,"height":43.936004638671875}},{"text":"(the html)","targetRectangle":{"y":698.31800746917725,"x":362.55291748046875,"width":157.70000000000005,"height":43.936004638671875}}],"baseLayer":{"animations":[],"initialState":{"affineTransform":[1,0,0,1,0,0],"masksToBounds":false,"rotation":0,"scale":1,"position":{"pointX":960,"pointY":540},"width":1920,"sublayerTransform":[1,0,0,0,0,1,0,0,0,0,1,0,0,0,0,1],"contentsRect":{"y":0,"x":0,"width":1,"height":1},"opacity":1,"edgeAntialiasingMask":251658240,"height":1080,"hidden":false,"anchorPoint":{"pointX":0.5,"pointY":0.5}},"objectID":"0","layers":[{"animations":[],"initialState":{"affineTransform":[1,0,0,1,0,0],"masksToBounds":false,"rotation":0,"scale":1,"position":{"pointX":960,"pointY":540},"width":1920,"sublayerTransform":[1,0,0,0,0,1,0,0,0,0,1,-0.00035007912466775983,0,0,0,1],"contentsRect":{"y":0,"x":0,"width":1,"height":1},"opacity":1,"edgeAntialiasingMask":251658240,"height":1080,"hidden":false,"anchorPoint":{"pointX":0.5,"pointY":0.5}},"layers":[{"animations":[],"layers":[],"texturedRectangle":{"isBackgroundTexture":false,"singleTextureOpacity":1,"textureType":0,"textBaseline":0,"textXHeight":0,"isVerticalText":false},"initialState":{"affineTransform":[1,0,0,1,0,0],"masksToBounds":false,"rotation":0,"scale":1,"position":{"pointX":960,"pointY":540},"width":1920,"sublayerTransform":[1,0,0,0,0,1,0,0,0,0,1,0,0,0,0,1],"contentsRect":{"y":0,"x":0,"width":1,"height":1},"opacity":1,"edgeAntialiasingMask":0,"height":1080,"hidden":false,"anchorPoint":{"pointX":0.5,"pointY":0.5}},"texture":"A1DD739907DD04905FC619B43F8C1FCA"}]}]}}]}