{"assets":{"DB00B4953D8B480DD14FDC33563EE965":{"type":"texture","index":0,"url":{"native":"assets\/7759A257-984F-43DF-8912-523784F0F331.pdf"},"width":1920,"height":1080},"CFA6521084CADF03BD006AB19FAA9A2D":{"type":"texture","index":1,"url":{"native":"assets\/7759A257-984F-43DF-8912-523784F0F331.pdf"},"width":1920,"height":1080}},"events":[{"effects":[{"beginTime":0,"baseLayer":{"animations":[],"initialState":{"affineTransform":[1,0,0,1,0,0],"masksToBounds":false,"rotation":0,"scale":1,"position":{"pointX":960,"pointY":540},"width":1920,"sublayerTransform":[1,0,0,0,0,1,0,0,0,0,1,0,0,0,0,1],"contentsRect":{"y":0,"x":0,"width":1,"height":1},"opacity":1,"edgeAntialiasingMask":251658240,"height":1080,"hidden":false,"anchorPoint":{"pointX":0.5,"pointY":0.5}},"objectID":"0","layers":[{"animations":[],"initialState":{"affineTransform":[1,0,0,1,0,0],"masksToBounds":false,"rotation":0,"scale":1,"position":{"pointX":960,"pointY":540},"width":1920,"sublayerTransform":[1,0,0,0,0,1,0,0,0,0,1,-0.00035007912466775983,0,0,0,1],"contentsRect":{"y":0,"x":0,"width":1,"height":1},"opacity":1,"edgeAntialiasingMask":251658240,"height":1080,"hidden":false,"anchorPoint":{"pointX":0.5,"pointY":0.5}},"layers":[{"animations":[],"layers":[],"texturedRectangle":{"isBackgroundTexture":false,"singleTextureOpacity":1,"textureType":0,"textBaseline":0,"textXHeight":0,"isVerticalText":false},"initialState":{"affineTransform":[1,0,0,1,0,0],"masksToBounds":false,"rotation":0,"scale":1,"position":{"pointX":960,"pointY":540},"width":1920,"sublayerTransform":[1,0,0,0,0,1,0,0,0,0,1,0,0,0,0,1],"contentsRect":{"y":0,"x":0,"width":1,"height":1},"opacity":1,"edgeAntialiasingMask":0,"height":1080,"hidden":false,"anchorPoint":{"pointX":0.5,"pointY":0.5}},"texture":"CFA6521084CADF03BD006AB19FAA9A2D"},{"animations":[{"additive":false,"timeOffset":0,"beginTime":0,"from":{"scalar":false},"repeatCount":0,"fillMode":"both","duration":0.001,"autoreverses":false,"property":"hidden","to":{"scalar":true},"removedOnCompletion":false}],"layers":[],"texturedRectangle":{"isBackgroundTexture":false,"singleTextureOpacity":1,"textureType":0,"textBaseline":0,"textXHeight":0,"isVerticalText":false},"initialState":{"affineTransform":[1,0,0,1,0,0],"masksToBounds":false,"rotation":0,"scale":1,"position":{"pointX":960,"pointY":540},"width":1920,"sublayerTransform":[1,0,0,0,0,1,0,0,0,0,1,0,0,0,0,1],"contentsRect":{"y":0,"x":0,"width":1,"height":1},"opacity":1,"edgeAntialiasingMask":0,"height":1080,"hidden":false,"anchorPoint":{"pointX":0.5,"pointY":0.5}},"texture":"DB00B4953D8B480DD14FDC33563EE965"}]}]},"effects":[],"duration":0.001,"type":"transition","attributes":{"direction":0},"name":"none","objectID":"0"}],"automaticPlay":false,"hyperlinks":[],"accessibility":[{"text":"Content-Type: image\/jpeg","targetRectangle":{"y":398.28188800811768,"x":241.76492309570312,"width":556.56000000000006,"height":55.656005859375}},{"text":"Content:","targetRectangle":{"y":449.71628609523759,"x":241.76492309570312,"width":184.94399999999996,"height":100.656005859375}},{"text":"What is a cat?","targetRectangle":{"y":79,"x":99,"width":549.27000049397361,"height":100.53440856933594}},{"text":"00000000: ffd8 ffe0 0010 4a46 4946 0001 0100 0001  ......JFIF......","targetRectangle":{"y":499.42865943908691,"x":471.15072631835938,"width":763.92431640625,"height":21}},{"text":"00000010: 0001 0000 ffdb 0043 0006 0405 0605 0406  .......C........","targetRectangle":{"y":501.52865947037935,"x":471.15072631835938,"width":763.92431640625,"height":45}},{"text":"00000020: 0605 0607 0706 080a 100a 0a09 090a 140e  ................","targetRectangle":{"y":527.62865950167179,"x":471.15072631835938,"width":763.92431640625,"height":45}},{"text":"00000030: 0f0c 1017 1418 1817 1416 161a 1d25 1f1a  .............%..","targetRectangle":{"y":553.72865953296423,"x":471.15072631835938,"width":763.92431640625,"height":45}},{"text":"00000040: 1b23 1c16 1620 2c20 2326 2729 2a29 191f  .#... , #&')*)..","targetRectangle":{"y":579.82865956425667,"x":471.15072631835938,"width":763.92431640625,"height":45}},{"text":"00000050: 2d30 2d28 3025 2829 28ff db00 4301 0707  -0-(0%()(...C...","targetRectangle":{"y":605.92865959554911,"x":471.15072631835938,"width":763.92431640625,"height":45}},{"text":"00000060: 070a 080a 130a 0a13 281a 161a 2828 2828  ........(...((((","targetRectangle":{"y":632.02865962684155,"x":471.15072631835938,"width":763.92431640625,"height":45}},{"text":"00000070: 2828 2828 2828 2828 2828 2828 2828 2828  ((((((((((((((((","targetRectangle":{"y":658.12865965813398,"x":471.15072631835938,"width":763.92431640625,"height":45}},{"text":"00000080: 2828 2828 2828 2828 2828 2828 2828 2828  ((((((((((((((((","targetRectangle":{"y":684.22865968942642,"x":471.15072631835938,"width":763.92431640625,"height":45}},{"text":"00000090: 2828 2828 2828 2828 2828 2828 2828 ffc0  ((((((((((((((..","targetRectangle":{"y":710.32865972071886,"x":471.15072631835938,"width":763.92431640625,"height":45}},{"text":"000000a0: 0011 0800 4800 8003 0122 0002 1101 0311  ....H....\\\"......","targetRectangle":{"y":736.4286597520113,"x":471.15072631835938,"width":763.92431640625,"height":45}},{"text":"000000b0: 01ff c400 1f00 0001 0501 0101 0101 0100  ................","targetRectangle":{"y":762.52865978330374,"x":471.15072631835938,"width":763.92431640625,"height":45}},{"text":"000000c0: 0000 0000 0000 0001 0203 0405 0607 0809  ................","targetRectangle":{"y":788.62865981459618,"x":471.15072631835938,"width":763.92431640625,"height":45}},{"text":"000000d0: 0a0b ffc4 00b5 1000 0201 0303 0204 0305  ................","targetRectangle":{"y":814.72865984588861,"x":471.15072631835938,"width":763.92431640625,"height":45}},{"text":"000000e0: 0504 0400 0001 7d01 0203 0004 1105 1221  ......}........!","targetRectangle":{"y":840.82865987718105,"x":471.15072631835938,"width":763.92431640625,"height":45}},{"text":"000000f0: 3141 0613 5161 0722 7114 3281 91a1 0823  1A..Qa.\\\"q.2....#","targetRectangle":{"y":866.92865990847349,"x":471.15072631835938,"width":763.92431640625,"height":45}},{"text":"00000100: 42b1 c115 52d1 f024 3362 7282 090a 1617  B...R..$3br.....","targetRectangle":{"y":893.02865993976593,"x":471.15072631835938,"width":763.92431640625,"height":45}},{"text":"... (etc)\\u2028","targetRectangle":{"y":919.12865997105837,"x":801.80453491210938,"width":109.61669921875,"height":45}}],"baseLayer":{"animations":[],"initialState":{"affineTransform":[1,0,0,1,0,0],"masksToBounds":false,"rotation":0,"scale":1,"position":{"pointX":960,"pointY":540},"width":1920,"sublayerTransform":[1,0,0,0,0,1,0,0,0,0,1,0,0,0,0,1],"contentsRect":{"y":0,"x":0,"width":1,"height":1},"opacity":1,"edgeAntialiasingMask":251658240,"height":1080,"hidden":false,"anchorPoint":{"pointX":0.5,"pointY":0.5}},"objectID":"0","layers":[{"animations":[],"initialState":{"affineTransform":[1,0,0,1,0,0],"masksToBounds":false,"rotation":0,"scale":1,"position":{"pointX":960,"pointY":540},"width":1920,"sublayerTransform":[1,0,0,0,0,1,0,0,0,0,1,-0.00035007912466775983,0,0,0,1],"contentsRect":{"y":0,"x":0,"width":1,"height":1},"opacity":1,"edgeAntialiasingMask":251658240,"height":1080,"hidden":false,"anchorPoint":{"pointX":0.5,"pointY":0.5}},"layers":[{"animations":[],"layers":[],"texturedRectangle":{"isBackgroundTexture":false,"singleTextureOpacity":1,"textureType":0,"textBaseline":0,"textXHeight":0,"isVerticalText":false},"initialState":{"affineTransform":[1,0,0,1,0,0],"masksToBounds":false,"rotation":0,"scale":1,"position":{"pointX":960,"pointY":540},"width":1920,"sublayerTransform":[1,0,0,0,0,1,0,0,0,0,1,0,0,0,0,1],"contentsRect":{"y":0,"x":0,"width":1,"height":1},"opacity":1,"edgeAntialiasingMask":0,"height":1080,"hidden":false,"anchorPoint":{"pointX":0.5,"pointY":0.5}},"texture":"DB00B4953D8B480DD14FDC33563EE965"}]}]}}]}