{"assets":{"2588A8691144EA986F71A39E85A1F699":{"type":"texture","index":1,"url":{"native":"assets\/F897EED6-815E-4F98-8C06-B45E49B3C6E6.pdf"},"width":1920,"height":1080},"CFA6521084CADF03BD006AB19FAA9A2D":{"type":"texture","index":0,"url":{"native":"assets\/F897EED6-815E-4F98-8C06-B45E49B3C6E6.pdf"},"width":1920,"height":1080}},"events":[{"effects":[{"beginTime":0,"baseLayer":{"animations":[],"initialState":{"affineTransform":[1,0,0,1,0,0],"masksToBounds":false,"rotation":0,"scale":1,"position":{"pointX":960,"pointY":540},"width":1920,"sublayerTransform":[1,0,0,0,0,1,0,0,0,0,1,0,0,0,0,1],"contentsRect":{"y":0,"x":0,"width":1,"height":1},"opacity":1,"edgeAntialiasingMask":251658240,"height":1080,"hidden":false,"anchorPoint":{"pointX":0.5,"pointY":0.5}},"objectID":"0","layers":[{"animations":[],"initialState":{"affineTransform":[1,0,0,1,0,0],"masksToBounds":false,"rotation":0,"scale":1,"position":{"pointX":960,"pointY":540},"width":1920,"sublayerTransform":[1,0,0,0,0,1,0,0,0,0,1,-0.00035007912466775983,0,0,0,1],"contentsRect":{"y":0,"x":0,"width":1,"height":1},"opacity":1,"edgeAntialiasingMask":251658240,"height":1080,"hidden":false,"anchorPoint":{"pointX":0.5,"pointY":0.5}},"layers":[{"animations":[],"layers":[],"texturedRectangle":{"isBackgroundTexture":false,"singleTextureOpacity":1,"textureType":0,"textBaseline":0,"textXHeight":0,"isVerticalText":false},"initialState":{"affineTransform":[1,0,0,1,0,0],"masksToBounds":false,"rotation":0,"scale":1,"position":{"pointX":960,"pointY":540},"width":1920,"sublayerTransform":[1,0,0,0,0,1,0,0,0,0,1,0,0,0,0,1],"contentsRect":{"y":0,"x":0,"width":1,"height":1},"opacity":1,"edgeAntialiasingMask":0,"height":1080,"hidden":false,"anchorPoint":{"pointX":0.5,"pointY":0.5}},"texture":"2588A8691144EA986F71A39E85A1F699"},{"animations":[{"additive":false,"timeOffset":0,"beginTime":0,"from":{"scalar":false},"repeatCount":0,"fillMode":"both","duration":0.001,"autoreverses":false,"property":"hidden","to":{"scalar":true},"removedOnCompletion":false}],"layers":[],"texturedRectangle":{"isBackgroundTexture":false,"singleTextureOpacity":1,"textureType":0,"textBaseline":0,"textXHeight":0,"isVerticalText":false},"initialState":{"affineTransform":[1,0,0,1,0,0],"masksToBounds":false,"rotation":0,"scale":1,"position":{"pointX":960,"pointY":540},"width":1920,"sublayerTransform":[1,0,0,0,0,1,0,0,0,0,1,0,0,0,0,1],"contentsRect":{"y":0,"x":0,"width":1,"height":1},"opacity":1,"edgeAntialiasingMask":0,"height":1080,"hidden":false,"anchorPoint":{"pointX":0.5,"pointY":0.5}},"texture":"CFA6521084CADF03BD006AB19FAA9A2D"}]}]},"effects":[],"duration":0.001,"type":"transition","attributes":{"direction":0},"name":"none","objectID":"0"}],"automaticPlay":false,"hyperlinks":[],"accessibility":[{"text":"Cat picture, please!","targetRectangle":{"y":79,"x":99,"width":753.10000072196112,"height":100.53440856933594}},{"text":"Please reply with the cat picture","targetRectangle":{"y":380.55859375,"x":162.66800212559193,"width":370.56000000000006,"height":77.07177734375}},{"text":"OK 👍\\u2028\\u2028Content-Type: image\/jpeg","targetRectangle":{"y":367.53848266601562,"x":902.19130992889404,"width":556.55999999999995,"height":165.13439658508287}},{"text":"00000000: ffd8 ffe0 0010 4a46 4946 0001 0100 0001  ......JFIF......","targetRectangle":{"y":583.13440895080566,"x":799.50921630859375,"width":763.92431640625,"height":21}},{"text":"00000010: 0001 0000 ffdb 0043 0006 0405 0605 0406  .......C........","targetRectangle":{"y":585.2344089820981,"x":799.50921630859375,"width":763.92431640625,"height":45}},{"text":"00000020: 0605 0607 0706 080a 100a 0a09 090a 140e  ................","targetRectangle":{"y":611.33440901339054,"x":799.50921630859375,"width":763.92431640625,"height":45}},{"text":"00000030: 0f0c 1017 1418 1817 1416 161a 1d25 1f1a  .............%..","targetRectangle":{"y":637.43440904468298,"x":799.50921630859375,"width":763.92431640625,"height":45}},{"text":"00000040: 1b23 1c16 1620 2c20 2326 2729 2a29 191f  .#... , #&')*)..","targetRectangle":{"y":663.53440907597542,"x":799.50921630859375,"width":763.92431640625,"height":45}},{"text":"00000050: 2d30 2d28 3025 2829 28ff db00 4301 0707  -0-(0%()(...C...","targetRectangle":{"y":689.63440910726786,"x":799.50921630859375,"width":763.92431640625,"height":45}},{"text":"00000060: 070a 080a 130a 0a13 281a 161a 2828 2828  ........(...((((","targetRectangle":{"y":715.7344091385603,"x":799.50921630859375,"width":763.92431640625,"height":45}},{"text":"00000070: 2828 2828 2828 2828 2828 2828 2828 2828  ((((((((((((((((","targetRectangle":{"y":741.83440916985273,"x":799.50921630859375,"width":763.92431640625,"height":45}},{"text":"00000080: 2828 2828 2828 2828 2828 2828 2828 2828  ((((((((((((((((","targetRectangle":{"y":767.93440920114517,"x":799.50921630859375,"width":763.92431640625,"height":45}},{"text":"00000090: 2828 2828 2828 2828 2828 2828 2828 ffc0  ((((((((((((((..","targetRectangle":{"y":794.03440923243761,"x":799.50921630859375,"width":763.92431640625,"height":45}},{"text":"000000a0: 0011 0800 4800 8003 0122 0002 1101 0311  ....H....\\\"......","targetRectangle":{"y":820.13440926373005,"x":799.50921630859375,"width":763.92431640625,"height":45}},{"text":"000000b0: 01ff c400 1f00 0001 0501 0101 0101 0100  ................","targetRectangle":{"y":846.23440929502249,"x":799.50921630859375,"width":763.92431640625,"height":45}},{"text":"000000c0: 0000 0000 0000 0001 0203 0405 0607 0809  ................","targetRectangle":{"y":872.33440932631493,"x":799.50921630859375,"width":763.92431640625,"height":45}},{"text":"000000d0: 0a0b ffc4 00b5 1000 0201 0303 0204 0305  ................","targetRectangle":{"y":898.43440935760736,"x":799.50921630859375,"width":763.92431640625,"height":45}},{"text":"000000e0: 0504 0400 0001 7d01 0203 0004 1105 1221  ......}........!","targetRectangle":{"y":924.5344093888998,"x":799.50921630859375,"width":763.92431640625,"height":45}},{"text":"000000f0: 3141 0613 5161 0722 7114 3281 91a1 0823  1A..Qa.\\\"q.2....#","targetRectangle":{"y":950.63440942019224,"x":799.50921630859375,"width":763.92431640625,"height":45}},{"text":"00000100: 42b1 c115 52d1 f024 3362 7282 090a 1617  B...R..$3br.....","targetRectangle":{"y":976.73440945148468,"x":799.50921630859375,"width":763.92431640625,"height":45}},{"text":"... (etc)\\u2028","targetRectangle":{"y":1002.8344094827771,"x":1130.1630249023438,"width":109.61669921875,"height":45}}],"baseLayer":{"animations":[],"initialState":{"affineTransform":[1,0,0,1,0,0],"masksToBounds":false,"rotation":0,"scale":1,"position":{"pointX":960,"pointY":540},"width":1920,"sublayerTransform":[1,0,0,0,0,1,0,0,0,0,1,0,0,0,0,1],"contentsRect":{"y":0,"x":0,"width":1,"height":1},"opacity":1,"edgeAntialiasingMask":251658240,"height":1080,"hidden":false,"anchorPoint":{"pointX":0.5,"pointY":0.5}},"objectID":"0","layers":[{"animations":[],"initialState":{"affineTransform":[1,0,0,1,0,0],"masksToBounds":false,"rotation":0,"scale":1,"position":{"pointX":960,"pointY":540},"width":1920,"sublayerTransform":[1,0,0,0,0,1,0,0,0,0,1,-0.00035007912466775983,0,0,0,1],"contentsRect":{"y":0,"x":0,"width":1,"height":1},"opacity":1,"edgeAntialiasingMask":251658240,"height":1080,"hidden":false,"anchorPoint":{"pointX":0.5,"pointY":0.5}},"layers":[{"animations":[],"layers":[],"texturedRectangle":{"isBackgroundTexture":false,"singleTextureOpacity":1,"textureType":0,"textBaseline":0,"textXHeight":0,"isVerticalText":false},"initialState":{"affineTransform":[1,0,0,1,0,0],"masksToBounds":false,"rotation":0,"scale":1,"position":{"pointX":960,"pointY":540},"width":1920,"sublayerTransform":[1,0,0,0,0,1,0,0,0,0,1,0,0,0,0,1],"contentsRect":{"y":0,"x":0,"width":1,"height":1},"opacity":1,"edgeAntialiasingMask":0,"height":1080,"hidden":false,"anchorPoint":{"pointX":0.5,"pointY":0.5}},"texture":"CFA6521084CADF03BD006AB19FAA9A2D"}]}]}}]}