{"assets":{"8BC5D9CD7046B4BE4B4F4B9CC2185888":{"type":"texture","index":1,"url":{"native":"assets\/41D9C032-5F64-471B-A1F7-115B4ED10572.pdf"},"width":1920,"height":1080},"F3A223FA09D40B80591B2C45C4B4680E":{"type":"texture","index":0,"url":{"native":"assets\/41D9C032-5F64-471B-A1F7-115B4ED10572.pdf"},"width":1920,"height":1080}},"events":[{"effects":[{"beginTime":0,"baseLayer":{"animations":[],"initialState":{"affineTransform":[1,0,0,1,0,0],"masksToBounds":false,"rotation":0,"scale":1,"position":{"pointX":960,"pointY":540},"width":1920,"sublayerTransform":[1,0,0,0,0,1,0,0,0,0,1,0,0,0,0,1],"contentsRect":{"y":0,"x":0,"width":1,"height":1},"opacity":1,"edgeAntialiasingMask":251658240,"height":1080,"hidden":false,"anchorPoint":{"pointX":0.5,"pointY":0.5}},"objectID":"0","layers":[{"animations":[],"initialState":{"affineTransform":[1,0,0,1,0,0],"masksToBounds":false,"rotation":0,"scale":1,"position":{"pointX":960,"pointY":540},"width":1920,"sublayerTransform":[1,0,0,0,0,1,0,0,0,0,1,-0.00035007912466775983,0,0,0,1],"contentsRect":{"y":0,"x":0,"width":1,"height":1},"opacity":1,"edgeAntialiasingMask":251658240,"height":1080,"hidden":false,"anchorPoint":{"pointX":0.5,"pointY":0.5}},"layers":[{"animations":[],"layers":[],"texturedRectangle":{"isBackgroundTexture":false,"singleTextureOpacity":1,"textureType":0,"textBaseline":0,"textXHeight":0,"isVerticalText":false},"initialState":{"affineTransform":[1,0,0,1,0,0],"masksToBounds":false,"rotation":0,"scale":1,"position":{"pointX":960,"pointY":540},"width":1920,"sublayerTransform":[1,0,0,0,0,1,0,0,0,0,1,0,0,0,0,1],"contentsRect":{"y":0,"x":0,"width":1,"height":1},"opacity":1,"edgeAntialiasingMask":0,"height":1080,"hidden":false,"anchorPoint":{"pointX":0.5,"pointY":0.5}},"texture":"8BC5D9CD7046B4BE4B4F4B9CC2185888"},{"animations":[{"additive":false,"timeOffset":0,"beginTime":0,"from":{"scalar":false},"repeatCount":0,"fillMode":"both","duration":0.001,"autoreverses":false,"property":"hidden","to":{"scalar":true},"removedOnCompletion":false}],"layers":[],"texturedRectangle":{"isBackgroundTexture":false,"singleTextureOpacity":1,"textureType":0,"textBaseline":0,"textXHeight":0,"isVerticalText":false},"initialState":{"affineTransform":[1,0,0,1,0,0],"masksToBounds":false,"rotation":0,"scale":1,"position":{"pointX":960,"pointY":540},"width":1920,"sublayerTransform":[1,0,0,0,0,1,0,0,0,0,1,0,0,0,0,1],"contentsRect":{"y":0,"x":0,"width":1,"height":1},"opacity":1,"edgeAntialiasingMask":0,"height":1080,"hidden":false,"anchorPoint":{"pointX":0.5,"pointY":0.5}},"texture":"F3A223FA09D40B80591B2C45C4B4680E"}]}]},"effects":[],"duration":0.001,"type":"transition","attributes":{"direction":0},"name":"none","objectID":"0"}],"automaticPlay":false,"hyperlinks":[],"accessibility":[{"text":"web server","targetRectangle":{"y":397.35049438476562,"x":646.04838854980471,"width":182.65599999999995,"height":154.1435546875}},{"text":"orders service","targetRectangle":{"y":397.35049438476562,"x":1077.0556419677735,"width":218.24000000000001,"height":154.1435546875}},{"text":"web browser","targetRectangle":{"y":397.35049438476562,"x":172.35313513183593,"width":239.55200000000002,"height":154.1435546875}},{"text":"database server","targetRectangle":{"y":397.35049438476562,"x":1490.3348343505859,"width":292.86400000000003,"height":154.1435546875}},{"text":"enforce business rules","targetRectangle":{"y":720.75091552734375,"x":1066.0439453125,"width":260.89599999999996,"height":77.07177734375}},{"text":"talk to the database server","targetRectangle":{"y":798.75091552734375,"x":1066.0439453125,"width":302.91200000000003,"height":77.07177734375}},{"text":"database client","targetRectangle":{"y":627.36315965652466,"x":1104.6639404296875,"width":218.11200000000008,"height":37.10400390625}},{"text":"http client","targetRectangle":{"y":627.36315965652466,"x":288.21539306640625,"width":142.27200000000005,"height":37.10400390625}},{"text":"Let's add an orders service!","targetRectangle":{"y":79,"x":99,"width":1076.6100010259449,"height":100.53440856933594}},{"text":"http client","targetRectangle":{"y":627.36315965652466,"x":732.53289794921875,"width":142.27200000000005,"height":37.10400390625}},{"text":"security checks on incoming requests","targetRectangle":{"y":720.228271484375,"x":620.7967529296875,"width":286.36799999999994,"height":77.07177734375}},{"text":"build dynamic web pages","targetRectangle":{"y":798.228271484375,"x":620.7967529296875,"width":287.48800000000006,"height":77.07177734375}}],"baseLayer":{"animations":[],"initialState":{"affineTransform":[1,0,0,1,0,0],"masksToBounds":false,"rotation":0,"scale":1,"position":{"pointX":960,"pointY":540},"width":1920,"sublayerTransform":[1,0,0,0,0,1,0,0,0,0,1,0,0,0,0,1],"contentsRect":{"y":0,"x":0,"width":1,"height":1},"opacity":1,"edgeAntialiasingMask":251658240,"height":1080,"hidden":false,"anchorPoint":{"pointX":0.5,"pointY":0.5}},"objectID":"0","layers":[{"animations":[],"initialState":{"affineTransform":[1,0,0,1,0,0],"masksToBounds":false,"rotation":0,"scale":1,"position":{"pointX":960,"pointY":540},"width":1920,"sublayerTransform":[1,0,0,0,0,1,0,0,0,0,1,-0.00035007912466775983,0,0,0,1],"contentsRect":{"y":0,"x":0,"width":1,"height":1},"opacity":1,"edgeAntialiasingMask":251658240,"height":1080,"hidden":false,"anchorPoint":{"pointX":0.5,"pointY":0.5}},"layers":[{"animations":[],"layers":[],"texturedRectangle":{"isBackgroundTexture":false,"singleTextureOpacity":1,"textureType":0,"textBaseline":0,"textXHeight":0,"isVerticalText":false},"initialState":{"affineTransform":[1,0,0,1,0,0],"masksToBounds":false,"rotation":0,"scale":1,"position":{"pointX":960,"pointY":540},"width":1920,"sublayerTransform":[1,0,0,0,0,1,0,0,0,0,1,0,0,0,0,1],"contentsRect":{"y":0,"x":0,"width":1,"height":1},"opacity":1,"edgeAntialiasingMask":0,"height":1080,"hidden":false,"anchorPoint":{"pointX":0.5,"pointY":0.5}},"texture":"F3A223FA09D40B80591B2C45C4B4680E"}]}]}}]}