{"assets":{"4CAAD6E5499CD8E2F0E0FBE776A28C90":{"type":"texture","index":0,"url":{"native":"assets\/127C7738-596F-4FA7-99B0-FC74978588FC.pdf"},"width":1920,"height":1080},"82961CD7ED4C03569482EEFC0453D548":{"type":"texture","index":1,"url":{"native":"assets\/127C7738-596F-4FA7-99B0-FC74978588FC.pdf"},"width":1920,"height":1080}},"events":[{"effects":[{"beginTime":0,"baseLayer":{"animations":[],"initialState":{"affineTransform":[1,0,0,1,0,0],"masksToBounds":false,"rotation":0,"scale":1,"position":{"pointX":960,"pointY":540},"width":1920,"sublayerTransform":[1,0,0,0,0,1,0,0,0,0,1,0,0,0,0,1],"contentsRect":{"y":0,"x":0,"width":1,"height":1},"opacity":1,"edgeAntialiasingMask":251658240,"height":1080,"hidden":false,"anchorPoint":{"pointX":0.5,"pointY":0.5}},"objectID":"0","layers":[{"animations":[],"initialState":{"affineTransform":[1,0,0,1,0,0],"masksToBounds":false,"rotation":0,"scale":1,"position":{"pointX":960,"pointY":540},"width":1920,"sublayerTransform":[1,0,0,0,0,1,0,0,0,0,1,-0.00035007912466775983,0,0,0,1],"contentsRect":{"y":0,"x":0,"width":1,"height":1},"opacity":1,"edgeAntialiasingMask":251658240,"height":1080,"hidden":false,"anchorPoint":{"pointX":0.5,"pointY":0.5}},"layers":[{"animations":[],"layers":[],"texturedRectangle":{"isBackgroundTexture":false,"singleTextureOpacity":1,"textureType":0,"textBaseline":0,"textXHeight":0,"isVerticalText":false},"initialState":{"affineTransform":[1,0,0,1,0,0],"masksToBounds":false,"rotation":0,"scale":1,"position":{"pointX":960,"pointY":540},"width":1920,"sublayerTransform":[1,0,0,0,0,1,0,0,0,0,1,0,0,0,0,1],"contentsRect":{"y":0,"x":0,"width":1,"height":1},"opacity":1,"edgeAntialiasingMask":0,"height":1080,"hidden":false,"anchorPoint":{"pointX":0.5,"pointY":0.5}},"texture":"82961CD7ED4C03569482EEFC0453D548"},{"animations":[{"additive":false,"timeOffset":0,"beginTime":0,"from":{"scalar":false},"repeatCount":0,"fillMode":"both","duration":0.001,"autoreverses":false,"property":"hidden","to":{"scalar":true},"removedOnCompletion":false}],"layers":[],"texturedRectangle":{"isBackgroundTexture":false,"singleTextureOpacity":1,"textureType":0,"textBaseline":0,"textXHeight":0,"isVerticalText":false},"initialState":{"affineTransform":[1,0,0,1,0,0],"masksToBounds":false,"rotation":0,"scale":1,"position":{"pointX":960,"pointY":540},"width":1920,"sublayerTransform":[1,0,0,0,0,1,0,0,0,0,1,0,0,0,0,1],"contentsRect":{"y":0,"x":0,"width":1,"height":1},"opacity":1,"edgeAntialiasingMask":0,"height":1080,"hidden":false,"anchorPoint":{"pointX":0.5,"pointY":0.5}},"texture":"4CAAD6E5499CD8E2F0E0FBE776A28C90"}]}]},"effects":[],"duration":0.001,"type":"transition","attributes":{"direction":0},"name":"none","objectID":"0"}],"automaticPlay":false,"hyperlinks":[],"accessibility":[{"text":"laptop (PC, phone, ...)","targetRectangle":{"y":465.07546997070312,"x":654.21044921875,"width":320.70400000000006,"height":38.07177734375}},{"text":"indsat-film.png","targetRectangle":{"y":407.08137825253675,"x":261.00518348935316,"width":63.169846949516455,"height":63.169846949516398}},{"text":"How to see pictures of cats on the Internet","targetRectangle":{"y":79,"x":99,"width":1658.5200015959144,"height":100.53440856933594}},{"text":"web browser","targetRectangle":{"y":549.5645751953125,"x":705.41961669921875,"width":190.91200000000003,"height":38.07177734375}},{"text":"I want to see\\u2028a cat picture!","targetRectangle":{"y":198.08741116523743,"x":324.306396484375,"width":281.65599999999995,"height":107.09040394649492}},{"text":"some computer, somewhere on the Internet","targetRectangle":{"y":613.103515625,"x":1525.6603798828125,"width":281.60000000000014,"height":116.07177734375}},{"text":"200 OK\\u2028Content-Type: image\/jpeg\\u2028...","targetRectangle":{"y":845.67742919921875,"x":1021.5180053710938,"width":389.94400000000019,"height":116.07177734375}},{"text":"web server","targetRectangle":{"y":755.14031982421875,"x":1609.1054274902344,"width":162.46399999999994,"height":38.07177734375}},{"text":"GET \/cat\\u2028Host: hyf.example.net","targetRectangle":{"y":494.47964477539062,"x":1111.38916015625,"width":322.46399999999994,"height":77.07177734375}},{"text":"https:\/\/hyf.example.net\/cat ⏎","targetRectangle":{"y":765.51895618438721,"x":99.162109375,"width":429.7600000000001,"height":37.10400390625}}],"baseLayer":{"animations":[],"initialState":{"affineTransform":[1,0,0,1,0,0],"masksToBounds":false,"rotation":0,"scale":1,"position":{"pointX":960,"pointY":540},"width":1920,"sublayerTransform":[1,0,0,0,0,1,0,0,0,0,1,0,0,0,0,1],"contentsRect":{"y":0,"x":0,"width":1,"height":1},"opacity":1,"edgeAntialiasingMask":251658240,"height":1080,"hidden":false,"anchorPoint":{"pointX":0.5,"pointY":0.5}},"objectID":"0","layers":[{"animations":[],"initialState":{"affineTransform":[1,0,0,1,0,0],"masksToBounds":false,"rotation":0,"scale":1,"position":{"pointX":960,"pointY":540},"width":1920,"sublayerTransform":[1,0,0,0,0,1,0,0,0,0,1,-0.00035007912466775983,0,0,0,1],"contentsRect":{"y":0,"x":0,"width":1,"height":1},"opacity":1,"edgeAntialiasingMask":251658240,"height":1080,"hidden":false,"anchorPoint":{"pointX":0.5,"pointY":0.5}},"layers":[{"animations":[],"layers":[],"texturedRectangle":{"isBackgroundTexture":false,"singleTextureOpacity":1,"textureType":0,"textBaseline":0,"textXHeight":0,"isVerticalText":false},"initialState":{"affineTransform":[1,0,0,1,0,0],"masksToBounds":false,"rotation":0,"scale":1,"position":{"pointX":960,"pointY":540},"width":1920,"sublayerTransform":[1,0,0,0,0,1,0,0,0,0,1,0,0,0,0,1],"contentsRect":{"y":0,"x":0,"width":1,"height":1},"opacity":1,"edgeAntialiasingMask":0,"height":1080,"hidden":false,"anchorPoint":{"pointX":0.5,"pointY":0.5}},"texture":"4CAAD6E5499CD8E2F0E0FBE776A28C90"}]}]}}]}