{"assets":{"6F26CDAAE3C612595EB73352DB2304E7":{"type":"texture","index":10,"url":{"native":"assets\/42427C64-4230-411E-9BFE-57C668F5323B.pdf"},"width":537,"height":287},"31C0EC7B97973B94B0FEAD418A358704":{"type":"texture","index":3,"url":{"native":"assets\/42427C64-4230-411E-9BFE-57C668F5323B.pdf"},"width":222,"height":67},"FC51A5C6698B397A2787DD85520EEAD1":{"type":"texture","index":11,"url":{"native":"assets\/42427C64-4230-411E-9BFE-57C668F5323B.pdf"},"width":651,"height":379},"642D96CC4150B97A95AA1164AECFF273":{"type":"texture","index":5,"url":{"native":"assets\/42427C64-4230-411E-9BFE-57C668F5323B.pdf"},"width":266,"height":67},"9C4ED8C56BE4971863A21E3AFAE784F7":{"type":"texture","index":6,"url":{"native":"assets\/42427C64-4230-411E-9BFE-57C668F5323B.pdf"},"width":133,"height":244},"E3711CA7033F0A7ED8FF96E9FBE70126":{"type":"texture","index":7,"url":{"native":"assets\/42427C64-4230-411E-9BFE-57C668F5323B.pdf"},"width":133,"height":243},"D3938F90DDC96FC7499A1D4C883D5E0B":{"type":"texture","index":9,"url":{"native":"assets\/42427C64-4230-411E-9BFE-57C668F5323B.pdf"},"width":249,"height":118},"443A0F32394232D215C6D05B774D089D":{"type":"texture","index":15,"url":{"native":"assets\/42427C64-4230-411E-9BFE-57C668F5323B.pdf"},"width":1920,"height":1080},"8701D459A373F8BD9981E5F04F66642F":{"type":"texture","index":2,"url":{"native":"assets\/42427C64-4230-411E-9BFE-57C668F5323B.pdf"},"width":1049,"height":82},"3C17BA1FBD27B82F2CF26AB320F3707B":{"type":"texture","index":0,"url":{"native":"assets\/42427C64-4230-411E-9BFE-57C668F5323B.pdf"},"width":1920,"height":1080},"2CED552AC0A29F8691D5D61164536F28":{"type":"texture","index":8,"url":{"native":"assets\/42427C64-4230-411E-9BFE-57C668F5323B.pdf"},"width":249,"height":119},"C3D2331EABF95536DA4E1E153CF12972":{"type":"texture","index":1,"url":{"native":"assets\/42427C64-4230-411E-9BFE-57C668F5323B.pdf"},"width":284,"height":306},"78636DF6F59E1A20D115AEE5FE56BEFE":{"type":"texture","index":14,"url":{"native":"assets\/42427C64-4230-411E-9BFE-57C668F5323B.pdf"},"width":1920,"height":1080},"2C246BF76B5563CDF9EF1D11FB36654C":{"type":"texture","index":4,"url":{"native":"assets\/42427C64-4230-411E-9BFE-57C668F5323B.pdf"},"width":159,"height":66},"986BB248B0618ABBAF4C55F27D6B8C96":{"type":"texture","index":12,"url":{"native":"assets\/42427C64-4230-411E-9BFE-57C668F5323B.pdf"},"width":328,"height":33},"0A7DA13ADE718961D14941BA989FBC96":{"type":"texture","index":13,"url":{"native":"assets\/42427C64-4230-411E-9BFE-57C668F5323B.pdf"},"width":222,"height":120}},"events":[{"effects":[{"beginTime":0,"baseLayer":{"animations":[],"initialState":{"affineTransform":[1,0,0,1,0,0],"masksToBounds":false,"rotation":0,"scale":1,"position":{"pointX":1491.9820556640625,"pointY":812.30242919921886},"width":651,"sublayerTransform":[1,0,0,0,0,1,0,0,0,0,1,0,0,0,0,1],"contentsRect":{"y":0,"x":0,"width":1,"height":1},"opacity":1,"edgeAntialiasingMask":251658240,"height":379,"hidden":false,"anchorPoint":{"pointX":0.5,"pointY":0.5}},"objectID":"D10F2D4B-8D29-4E47-8B69-029166618382","layers":[{"animations":[],"initialState":{"affineTransform":[1,0,0,1,0,0],"masksToBounds":false,"rotation":0,"scale":1,"position":{"pointX":-206.4820556640625,"pointY":-82.802429199218864},"width":651,"sublayerTransform":[1,0,0,0,0,1,0,0,0,0,1,-0.00035007912466775983,0,0,0,1],"contentsRect":{"y":0,"x":0,"width":1,"height":1},"opacity":1,"edgeAntialiasingMask":251658240,"height":379,"hidden":false,"anchorPoint":{"pointX":-0.31717673681115593,"pointY":-0.21847606648870413}},"layers":[{"animations":[{"additive":false,"timeOffset":0,"beginTime":1e-100,"repeatCount":0,"fillMode":"both","duration":1,"autoreverses":false,"animations":[{"repeatCount":0,"removedOnCompletion":true,"from":{"scalar":0},"timingFunction":"EaseInEaseOut","additive":false,"timeOffset":0,"autoreverses":false,"property":"opacity","fillMode":"both","duration":1,"beginTime":0,"to":{"scalar":1}},{"additive":false,"timeOffset":0,"beginTime":0,"from":{"scalar":false},"repeatCount":0,"fillMode":"forwards","duration":1,"autoreverses":false,"property":"hidden","to":{"scalar":false},"removedOnCompletion":true}],"removedOnCompletion":false}],"layers":[],"texturedRectangle":{"singleTextureOpacity":1,"textXHeight":0,"shapePath":{"lineWidth":1,"flatness":0.59999999999999998,"lineCapStyle":0,"elements":[{"type":"MoveToPoint","points":[[3.9820556640625,4.3024291992188637]]},{"type":"AddLine","points":[[647.22113037109375,4.3024291992188637]]},{"type":"AddLine","points":[[647.22113037109375,374.9857177734375]]},{"type":"AddLine","points":[[3.9820556640625,374.9857177734375]]},{"type":"CloseSubpath"},{"type":"MoveToPoint","points":[[3.9820556640625,4.3024291992188637]]}],"windingRule":0,"lineJoinStyle":0,"miterLimit":10},"isBackgroundTexture":true,"textBaseline":0,"isVerticalText":false,"textureType":5},"initialState":{"affineTransform":[1,0,0,1,0,0],"masksToBounds":false,"rotation":0,"scale":1,"position":{"pointX":324.0179443359375,"pointY":187.69757080078114},"width":651,"sublayerTransform":[1,0,0,0,0,1,0,0,0,0,1,0,0,0,0,1],"contentsRect":{"y":0,"x":0,"width":1,"height":1},"opacity":1,"edgeAntialiasingMask":0,"height":379,"hidden":true,"anchorPoint":{"pointX":0.5,"pointY":0.5}},"texture":"FC51A5C6698B397A2787DD85520EEAD1"}]}]},"effects":[],"duration":1,"type":"buildIn","attributes":{"direction":0},"name":"apple:dissolve character","objectID":"D10F2D4B-8D29-4E47-8B69-029166618382"}],"automaticPlay":false,"hyperlinks":[],"accessibility":[{"text":"indsat-film.png","targetRectangle":{"y":360.70370483398438,"x":1187.3533935546875,"width":129.89451599121094,"height":240.43386840820312}},{"text":"web browser","targetRectangle":{"y":541.23419189453125,"x":482.00054296874998,"width":190.91200000000003,"height":38.07177734375}},{"text":"cat.jpg","targetRectangle":{"y":445.54376101493835,"x":1612.7855224609375,"width":146.6880000000001,"height":55.656005859375}},{"text":"I've made a web game!","targetRectangle":{"y":280.21575927734375,"x":1339.8218732272451,"width":179.64800000000014,"height":77.07177734375}},{"text":"I would like to play it!","targetRectangle":{"y":416.6024169921875,"x":205.7736001559561,"width":214.01600000000002,"height":77.07177734375}},{"text":"styles.css","targetRectangle":{"y":371.7744128704071,"x":1587.0574951171875,"width":210.67200000000003,"height":55.656005859375}},{"text":"styles.css","targetRectangle":{"y":372.2072741985321,"x":1587.0574951171875,"width":210.67200000000003,"height":55.656005859375}},{"text":"indsat-film.png","targetRectangle":{"y":512.06903076171875,"x":70.489158630371094,"width":129.89451599121094,"height":240.43386840820312}},{"text":"cat.jpg","targetRectangle":{"y":445.11089968681335,"x":1612.7855224609375,"width":146.6880000000001,"height":55.656005859375}},{"text":"How can I play your game?","targetRectangle":{"y":79,"x":99,"width":1054.595000911951,"height":100.53440856933594}},{"text":"gameplay.js","targetRectangle":{"y":518.8802478313446,"x":1565.697509765625,"width":253.39200000000005,"height":55.656005859375}},{"text":"index.html","targetRectangle":{"y":298.87078928947449,"x":1580.79345703125,"width":223.20000000000005,"height":55.656005859375}},{"text":"gameplay.js","targetRectangle":{"y":518.4473865032196,"x":1565.697509765625,"width":253.39200000000005,"height":55.656005859375}}],"baseLayer":{"animations":[],"initialState":{"affineTransform":[1,0,0,1,0,0],"masksToBounds":false,"rotation":0,"scale":1,"position":{"pointX":960,"pointY":540},"width":1920,"sublayerTransform":[1,0,0,0,0,1,0,0,0,0,1,0,0,0,0,1],"contentsRect":{"y":0,"x":0,"width":1,"height":1},"opacity":1,"edgeAntialiasingMask":251658240,"height":1080,"hidden":false,"anchorPoint":{"pointX":0.5,"pointY":0.5}},"layers":[{"animations":[],"initialState":{"affineTransform":[1,0,0,1,0,0],"masksToBounds":false,"rotation":0,"scale":1,"position":{"pointX":960,"pointY":540},"width":1920,"sublayerTransform":[1,0,0,0,0,1,0,0,0,0,1,0,0,0,0,1],"contentsRect":{"y":0,"x":0,"width":1,"height":1},"opacity":1,"edgeAntialiasingMask":251658240,"height":1080,"hidden":false,"anchorPoint":{"pointX":0.5,"pointY":0.5}},"layers":[{"animations":[],"initialState":{"affineTransform":[1,0,0,1,0,0],"masksToBounds":false,"rotation":0,"scale":1,"position":{"pointX":960,"pointY":540},"width":1920,"sublayerTransform":[1,0,0,0,0,1,0,0,0,0,1,0,0,0,0,1],"contentsRect":{"y":0,"x":0,"width":1,"height":1},"opacity":1,"edgeAntialiasingMask":251658240,"height":1080,"hidden":false,"anchorPoint":{"pointX":0.5,"pointY":0.5}},"layers":[{"animations":[],"layers":[],"texturedRectangle":{"isBackgroundTexture":true,"singleTextureOpacity":1,"textureType":1,"textBaseline":0,"textXHeight":0,"isVerticalText":false},"initialState":{"affineTransform":[1,0,0,1,0,0],"masksToBounds":false,"rotation":0,"scale":1,"position":{"pointX":960,"pointY":540},"width":1920,"sublayerTransform":[1,0,0,0,0,1,0,0,0,0,1,0,0,0,0,1],"contentsRect":{"y":0,"x":0,"width":1,"height":1},"opacity":1,"edgeAntialiasingMask":0,"height":1080,"hidden":false,"anchorPoint":{"pointX":0.5,"pointY":0.5}},"texture":"3C17BA1FBD27B82F2CF26AB320F3707B"}]}]},{"animations":[],"initialState":{"affineTransform":[1,0,0,1,0,0],"masksToBounds":false,"rotation":0,"scale":1,"position":{"pointX":960,"pointY":540},"width":1920,"sublayerTransform":[1,0,0,0,0,1,0,0,0,0,1,0,0,0,0,1],"contentsRect":{"y":0,"x":0,"width":1,"height":1},"opacity":1,"edgeAntialiasingMask":251658240,"height":1080,"hidden":false,"anchorPoint":{"pointX":0.5,"pointY":0.5}},"layers":[{"animations":[],"initialState":{"affineTransform":[1,0,0,1,0,0],"masksToBounds":false,"rotation":0,"scale":1,"position":{"pointX":1703.697509765625,"pointY":447.87078857421875},"width":284,"sublayerTransform":[1,0,0,0,0,1,0,0,0,0,1,0,0,0,0,1],"contentsRect":{"y":0,"x":0,"width":1,"height":1},"opacity":1,"edgeAntialiasingMask":251658240,"height":306,"hidden":false,"anchorPoint":{"pointX":0.5,"pointY":0.5}},"layers":[{"animations":[],"layers":[],"texturedRectangle":{"isBackgroundTexture":true,"singleTextureOpacity":1,"textureType":5,"textBaseline":0,"textXHeight":0,"isVerticalText":false},"initialState":{"affineTransform":[1,0,0,1,0,0],"masksToBounds":false,"rotation":0,"scale":1,"position":{"pointX":131.302490234375,"pointY":142.12921142578125},"width":284,"sublayerTransform":[1,0,0,0,0,1,0,0,0,0,1,0,0,0,0,1],"contentsRect":{"y":0,"x":0,"width":1,"height":1},"opacity":1,"edgeAntialiasingMask":0,"height":306,"hidden":false,"anchorPoint":{"pointX":0.5,"pointY":0.5}},"texture":"C3D2331EABF95536DA4E1E153CF12972"}]}]},{"animations":[],"initialState":{"affineTransform":[1,0,0,1,0,0],"masksToBounds":false,"rotation":0,"scale":1,"position":{"pointX":960,"pointY":540},"width":1920,"sublayerTransform":[1,0,0,0,0,1,0,0,0,0,1,0,0,0,0,1],"contentsRect":{"y":0,"x":0,"width":1,"height":1},"opacity":1,"edgeAntialiasingMask":251658240,"height":1080,"hidden":false,"anchorPoint":{"pointX":0.5,"pointY":0.5}},"layers":[{"animations":[],"initialState":{"affineTransform":[1,0,0,1,0,0],"masksToBounds":false,"rotation":0,"scale":1,"position":{"pointX":619.5,"pointY":115.99999999999997},"width":1049,"sublayerTransform":[1,0,0,0,0,1,0,0,0,0,1,0,0,0,0,1],"contentsRect":{"y":0,"x":0,"width":1,"height":1},"opacity":1,"edgeAntialiasingMask":251658240,"height":82,"hidden":false,"anchorPoint":{"pointX":0.5,"pointY":0.5}},"layers":[{"animations":[],"layers":[],"texturedRectangle":{"singleTextureOpacity":1,"textXHeight":0.53591463414634144,"textBaseline":0.78158308820026678,"isBackgroundTexture":true,"isVerticalText":false,"textColor":[0,0.30196079611778259,0.50196081399917603,1],"textureType":6},"initialState":{"affineTransform":[1,0,0,1,0,0],"masksToBounds":false,"rotation":0,"scale":1,"position":{"pointX":532.5,"pointY":63.000000000000028},"width":1049,"sublayerTransform":[1,0,0,0,0,1,0,0,0,0,1,0,0,0,0,1],"contentsRect":{"y":0,"x":0,"width":1,"height":1},"opacity":1,"edgeAntialiasingMask":0,"height":82,"hidden":false,"anchorPoint":{"pointX":0.5,"pointY":0.5}},"texture":"8701D459A373F8BD9981E5F04F66642F"}]}]},{"animations":[],"initialState":{"affineTransform":[1,0,0,1,0,0],"masksToBounds":false,"rotation":0,"scale":1,"position":{"pointX":960,"pointY":540},"width":1920,"sublayerTransform":[1,0,0,0,0,1,0,0,0,0,1,0,0,0,0,1],"contentsRect":{"y":0,"x":0,"width":1,"height":1},"opacity":1,"edgeAntialiasingMask":251658240,"height":1080,"hidden":false,"anchorPoint":{"pointX":0.5,"pointY":0.5}},"layers":[]},{"animations":[],"initialState":{"affineTransform":[1,0,0,1,0,0],"masksToBounds":false,"rotation":0,"scale":1,"position":{"pointX":960,"pointY":540},"width":1920,"sublayerTransform":[1,0,0,0,0,1,0,0,0,0,1,0,0,0,0,1],"contentsRect":{"y":0,"x":0,"width":1,"height":1},"opacity":1,"edgeAntialiasingMask":251658240,"height":1080,"hidden":false,"anchorPoint":{"pointX":0.5,"pointY":0.5}},"layers":[{"animations":[],"initialState":{"affineTransform":[1,0,0,1,0,0],"masksToBounds":false,"rotation":0,"scale":1,"position":{"pointX":1694.0574951171875,"pointY":401.2744128704071},"width":222,"sublayerTransform":[1,0,0,0,0,1,0,0,0,0,1,0,0,0,0,1],"contentsRect":{"y":0,"x":0,"width":1,"height":1},"opacity":1,"edgeAntialiasingMask":251658240,"height":67,"hidden":false,"anchorPoint":{"pointX":0.5,"pointY":0.5}},"layers":[{"animations":[],"layers":[],"texturedRectangle":{"singleTextureOpacity":1,"textXHeight":0,"shapePath":{"lineWidth":1,"flatness":0.59999999999999998,"lineCapStyle":0,"elements":[{"type":"MoveToPoint","points":[[1.0574951171875,1.7744128704071045]]},{"type":"AddLine","points":[[220.72948360443115,1.7744128704071045]]},{"type":"AddLine","points":[[220.72948360443115,65.430421113967896]]},{"type":"AddLine","points":[[1.0574951171875,65.430421113967896]]},{"type":"CloseSubpath"},{"type":"MoveToPoint","points":[[1.0574951171875,1.7744128704071045]]}],"windingRule":0,"lineJoinStyle":0,"miterLimit":10},"isBackgroundTexture":true,"textBaseline":0,"isVerticalText":false,"textureType":5},"initialState":{"affineTransform":[1,0,0,1,0,0],"masksToBounds":false,"rotation":0,"scale":1,"position":{"pointX":109.9425048828125,"pointY":31.725587129592896},"width":222,"sublayerTransform":[1,0,0,0,0,1,0,0,0,0,1,0,0,0,0,1],"contentsRect":{"y":0,"x":0,"width":1,"height":1},"opacity":1,"edgeAntialiasingMask":0,"height":67,"hidden":false,"anchorPoint":{"pointX":0.5,"pointY":0.5}},"texture":"31C0EC7B97973B94B0FEAD418A358704"}]}]},{"animations":[],"initialState":{"affineTransform":[1,0,0,1,0,0],"masksToBounds":false,"rotation":0,"scale":1,"position":{"pointX":960,"pointY":540},"width":1920,"sublayerTransform":[1,0,0,0,0,1,0,0,0,0,1,0,0,0,0,1],"contentsRect":{"y":0,"x":0,"width":1,"height":1},"opacity":1,"edgeAntialiasingMask":251658240,"height":1080,"hidden":false,"anchorPoint":{"pointX":0.5,"pointY":0.5}},"layers":[{"animations":[],"initialState":{"affineTransform":[1,0,0,1,0,0],"masksToBounds":false,"rotation":0,"scale":1,"position":{"pointX":1688.2855224609375,"pointY":474.11089968681335},"width":159,"sublayerTransform":[1,0,0,0,0,1,0,0,0,0,1,0,0,0,0,1],"contentsRect":{"y":0,"x":0,"width":1,"height":1},"opacity":1,"edgeAntialiasingMask":251658240,"height":66,"hidden":false,"anchorPoint":{"pointX":0.5,"pointY":0.5}},"layers":[{"animations":[],"layers":[],"texturedRectangle":{"singleTextureOpacity":1,"textXHeight":0,"shapePath":{"lineWidth":1,"flatness":0.59999999999999998,"lineCapStyle":0,"elements":[{"type":"MoveToPoint","points":[[1.7855224609375,1.1108996868133545]]},{"type":"AddLine","points":[[157.4735221862793,1.1108996868133545]]},{"type":"AddLine","points":[[157.4735221862793,64.766907930374146]]},{"type":"AddLine","points":[[1.7855224609375,64.766907930374146]]},{"type":"CloseSubpath"},{"type":"MoveToPoint","points":[[1.7855224609375,1.1108996868133545]]}],"windingRule":0,"lineJoinStyle":0,"miterLimit":10},"isBackgroundTexture":true,"textBaseline":0,"isVerticalText":false,"textureType":5},"initialState":{"affineTransform":[1,0,0,1,0,0],"masksToBounds":false,"rotation":0,"scale":1,"position":{"pointX":77.7144775390625,"pointY":31.889100313186646},"width":159,"sublayerTransform":[1,0,0,0,0,1,0,0,0,0,1,0,0,0,0,1],"contentsRect":{"y":0,"x":0,"width":1,"height":1},"opacity":1,"edgeAntialiasingMask":0,"height":66,"hidden":false,"anchorPoint":{"pointX":0.5,"pointY":0.5}},"texture":"2C246BF76B5563CDF9EF1D11FB36654C"}]}]},{"animations":[],"initialState":{"affineTransform":[1,0,0,1,0,0],"masksToBounds":false,"rotation":0,"scale":1,"position":{"pointX":960,"pointY":540},"width":1920,"sublayerTransform":[1,0,0,0,0,1,0,0,0,0,1,0,0,0,0,1],"contentsRect":{"y":0,"x":0,"width":1,"height":1},"opacity":1,"edgeAntialiasingMask":251658240,"height":1080,"hidden":false,"anchorPoint":{"pointX":0.5,"pointY":0.5}},"layers":[{"animations":[],"initialState":{"affineTransform":[1,0,0,1,0,0],"masksToBounds":false,"rotation":0,"scale":1,"position":{"pointX":1694.697509765625,"pointY":547.9473865032196},"width":266,"sublayerTransform":[1,0,0,0,0,1,0,0,0,0,1,0,0,0,0,1],"contentsRect":{"y":0,"x":0,"width":1,"height":1},"opacity":1,"edgeAntialiasingMask":251658240,"height":67,"hidden":false,"anchorPoint":{"pointX":0.5,"pointY":0.5}},"layers":[{"animations":[],"layers":[],"texturedRectangle":{"singleTextureOpacity":1,"textXHeight":0,"shapePath":{"lineWidth":1,"flatness":0.59999999999999998,"lineCapStyle":0,"elements":[{"type":"MoveToPoint","points":[[1.697509765625,1.4473865032196045]]},{"type":"AddLine","points":[[264.08950614929199,1.4473865032196045]]},{"type":"AddLine","points":[[264.08950614929199,65.103394746780396]]},{"type":"AddLine","points":[[1.697509765625,65.103394746780396]]},{"type":"CloseSubpath"},{"type":"MoveToPoint","points":[[1.697509765625,1.4473865032196045]]}],"windingRule":0,"lineJoinStyle":0,"miterLimit":10},"isBackgroundTexture":true,"textBaseline":0,"isVerticalText":false,"textureType":5},"initialState":{"affineTransform":[1,0,0,1,0,0],"masksToBounds":false,"rotation":0,"scale":1,"position":{"pointX":131.302490234375,"pointY":32.052613496780396},"width":266,"sublayerTransform":[1,0,0,0,0,1,0,0,0,0,1,0,0,0,0,1],"contentsRect":{"y":0,"x":0,"width":1,"height":1},"opacity":1,"edgeAntialiasingMask":0,"height":67,"hidden":false,"anchorPoint":{"pointX":0.5,"pointY":0.5}},"texture":"642D96CC4150B97A95AA1164AECFF273"}]}]},{"animations":[],"initialState":{"affineTransform":[1,0,0,1,0,0],"masksToBounds":false,"rotation":0,"scale":1,"position":{"pointX":960,"pointY":540},"width":1920,"sublayerTransform":[1,0,0,0,0,1,0,0,0,0,1,0,0,0,0,1],"contentsRect":{"y":0,"x":0,"width":1,"height":1},"opacity":1,"edgeAntialiasingMask":251658240,"height":1080,"hidden":false,"anchorPoint":{"pointX":0.5,"pointY":0.5}},"layers":[{"animations":[],"initialState":{"affineTransform":[1,0,0,1,0,0],"masksToBounds":false,"rotation":0,"scale":1,"position":{"pointX":1253.8533935546875,"pointY":482.70370483398438},"width":133,"sublayerTransform":[1,0,0,0,0,1,0,0,0,0,1,0,0,0,0,1],"contentsRect":{"y":0,"x":0,"width":1,"height":1},"opacity":1,"edgeAntialiasingMask":251658240,"height":244,"hidden":false,"anchorPoint":{"pointX":0.5,"pointY":0.5}},"layers":[{"animations":[],"layers":[],"texturedRectangle":{"isBackgroundTexture":true,"singleTextureOpacity":1,"textureType":5,"textBaseline":0,"textXHeight":0,"isVerticalText":false},"initialState":{"affineTransform":[1,0,0,1,0,0],"masksToBounds":false,"rotation":0,"scale":1,"position":{"pointX":65.1466064453125,"pointY":120.29629516601562},"width":133,"sublayerTransform":[1,0,0,0,0,1,0,0,0,0,1,0,0,0,0,1],"contentsRect":{"y":0,"x":0,"width":1,"height":1},"opacity":1,"edgeAntialiasingMask":0,"height":244,"hidden":false,"anchorPoint":{"pointX":0.5,"pointY":0.5}},"texture":"9C4ED8C56BE4971863A21E3AFAE784F7"}]}]},{"animations":[],"initialState":{"affineTransform":[1,0,0,1,0,0],"masksToBounds":false,"rotation":0,"scale":1,"position":{"pointX":960,"pointY":540},"width":1920,"sublayerTransform":[1,0,0,0,0,1,0,0,0,0,1,0,0,0,0,1],"contentsRect":{"y":0,"x":0,"width":1,"height":1},"opacity":1,"edgeAntialiasingMask":251658240,"height":1080,"hidden":false,"anchorPoint":{"pointX":0.5,"pointY":0.5}},"layers":[{"animations":[],"initialState":{"affineTransform":[1,0,0,1,0,0],"masksToBounds":false,"rotation":0,"scale":1,"position":{"pointX":136.98915863037109,"pointY":633.56903076171875},"width":133,"sublayerTransform":[1,0,0,0,0,1,0,0,0,0,1,0,0,0,0,1],"contentsRect":{"y":0,"x":0,"width":1,"height":1},"opacity":1,"edgeAntialiasingMask":251658240,"height":243,"hidden":false,"anchorPoint":{"pointX":0.5,"pointY":0.5}},"layers":[{"animations":[],"layers":[],"texturedRectangle":{"isBackgroundTexture":true,"singleTextureOpacity":1,"textureType":5,"textBaseline":0,"textXHeight":0,"isVerticalText":false},"initialState":{"affineTransform":[1,0,0,1,0,0],"masksToBounds":false,"rotation":0,"scale":1,"position":{"pointX":65.010841369628906,"pointY":120.43096923828125},"width":133,"sublayerTransform":[1,0,0,0,0,1,0,0,0,0,1,0,0,0,0,1],"contentsRect":{"y":0,"x":0,"width":1,"height":1},"opacity":1,"edgeAntialiasingMask":0,"height":243,"hidden":false,"anchorPoint":{"pointX":0.5,"pointY":0.5}},"texture":"E3711CA7033F0A7ED8FF96E9FBE70126"}]}]},{"animations":[],"initialState":{"affineTransform":[1,0,0,1,0,0],"masksToBounds":false,"rotation":0,"scale":1,"position":{"pointX":960,"pointY":540},"width":1920,"sublayerTransform":[1,0,0,0,0,1,0,0,0,0,1,0,0,0,0,1],"contentsRect":{"y":0,"x":0,"width":1,"height":1},"opacity":1,"edgeAntialiasingMask":251658240,"height":1080,"hidden":false,"anchorPoint":{"pointX":0.5,"pointY":0.5}},"layers":[{"animations":[],"initialState":{"affineTransform":[1,0,0,1,0,0],"masksToBounds":false,"rotation":0,"scale":1,"position":{"pointX":1426.8072509765625,"pointY":327.21575927734375},"width":249,"sublayerTransform":[1,0,0,0,0,1,0,0,0,0,1,0,0,0,0,1],"contentsRect":{"y":0,"x":0,"width":1,"height":1},"opacity":1,"edgeAntialiasingMask":251658240,"height":119,"hidden":false,"anchorPoint":{"pointX":0.5,"pointY":0.5}},"layers":[{"animations":[],"layers":[],"texturedRectangle":{"singleTextureOpacity":1,"textXHeight":0,"shapePath":{"lineWidth":1,"flatness":0.59999999999999998,"lineCapStyle":0,"elements":[{"type":"MoveToPoint","points":[[42.7760009765625,1.71575927734375]]},{"type":"AddCurve","points":[[19.874140421549555,1.71575927734375],[1.3072509765625,20.282648722330748],[1.3072509765625,43.18450927734375]]},{"type":"AddLine","points":[[1.3072509765625,63.09075927734375]]},{"type":"AddCurve","points":[[1.3072509765625,78.588544209798158],[9.9007288614909612,91.942529678344727],[22.4947509765625,99.05950927734375]]},{"type":"AddLine","points":[[2.1197509765625,117.37200927734375]]},{"type":"AddLine","points":[[55.0572509765625,104.55950927734375]]},{"type":"AddLine","points":[[205.6197509765625,104.55950927734375]]},{"type":"AddCurve","points":[[228.52162679036451,104.55951436360675],[247.0885009765625,85.992619832356752],[247.0885009765625,63.09075927734375]]},{"type":"AddLine","points":[[247.0885009765625,43.18450927734375]]},{"type":"AddCurve","points":[[247.08846028645826,20.282648722330748],[228.52161153157545,1.71575927734375],[205.6197509765625,1.71575927734375]]},{"type":"AddLine","points":[[42.7760009765625,1.71575927734375]]},{"type":"CloseSubpath"},{"type":"MoveToPoint","points":[[42.7760009765625,1.71575927734375]]}],"windingRule":0,"lineJoinStyle":0,"miterLimit":10},"isBackgroundTexture":true,"textBaseline":0,"isVerticalText":false,"textureType":5},"initialState":{"affineTransform":[1,0,0,1,0,0],"masksToBounds":false,"rotation":0,"scale":1,"position":{"pointX":123.1927490234375,"pointY":57.78424072265625},"width":249,"sublayerTransform":[1,0,0,0,0,1,0,0,0,0,1,0,0,0,0,1],"contentsRect":{"y":0,"x":0,"width":1,"height":1},"opacity":1,"edgeAntialiasingMask":0,"height":119,"hidden":false,"anchorPoint":{"pointX":0.5,"pointY":0.5}},"texture":"2CED552AC0A29F8691D5D61164536F28"}]}]},{"animations":[],"initialState":{"affineTransform":[1,0,0,1,0,0],"masksToBounds":false,"rotation":0,"scale":1,"position":{"pointX":960,"pointY":540},"width":1920,"sublayerTransform":[1,0,0,0,0,1,0,0,0,0,1,0,0,0,0,1],"contentsRect":{"y":0,"x":0,"width":1,"height":1},"opacity":1,"edgeAntialiasingMask":251658240,"height":1080,"hidden":false,"anchorPoint":{"pointX":0.5,"pointY":0.5}},"layers":[{"animations":[],"initialState":{"affineTransform":[1,0,0,1,0,0],"masksToBounds":false,"rotation":0,"scale":1,"position":{"pointX":309.94297790527344,"pointY":463.1024169921875},"width":249,"sublayerTransform":[1,0,0,0,0,1,0,0,0,0,1,0,0,0,0,1],"contentsRect":{"y":0,"x":0,"width":1,"height":1},"opacity":1,"edgeAntialiasingMask":251658240,"height":118,"hidden":false,"anchorPoint":{"pointX":0.5,"pointY":0.5}},"layers":[{"animations":[],"layers":[],"texturedRectangle":{"singleTextureOpacity":1,"textXHeight":0,"shapePath":{"lineWidth":1,"flatness":0.59999999999999998,"lineCapStyle":0,"elements":[{"type":"MoveToPoint","points":[[42.911727905273438,1.1024169921875]]},{"type":"AddCurve","points":[[20.009867350260407,1.1024169921875],[1.4429779052734375,19.669306437174498],[1.4429779052734375,42.5711669921875]]},{"type":"AddLine","points":[[1.4429779052734375,62.4774169921875]]},{"type":"AddCurve","points":[[1.4429779052734375,77.975201924641908],[10.036455790201813,91.329187393188477],[22.630477905273438,98.4461669921875]]},{"type":"AddLine","points":[[2.2554779052734375,116.7586669921875]]},{"type":"AddLine","points":[[55.192977905273438,103.9461669921875]]},{"type":"AddLine","points":[[205.75547790527344,103.9461669921875]]},{"type":"AddCurve","points":[[228.65735371907556,103.9461720784505],[247.22422790527344,85.379277547200502],[247.22422790527344,62.4774169921875]]},{"type":"AddLine","points":[[247.22422790527344,42.5711669921875]]},{"type":"AddCurve","points":[[247.22418721516931,19.669306437174498],[228.6573384602865,1.1024169921875],[205.75547790527344,1.1024169921875]]},{"type":"AddLine","points":[[42.911727905273438,1.1024169921875]]},{"type":"CloseSubpath"},{"type":"MoveToPoint","points":[[42.911727905273438,1.1024169921875]]}],"windingRule":0,"lineJoinStyle":0,"miterLimit":10},"isBackgroundTexture":true,"textBaseline":0,"isVerticalText":false,"textureType":5},"initialState":{"affineTransform":[1,0,0,1,0,0],"masksToBounds":false,"rotation":0,"scale":1,"position":{"pointX":123.05702209472656,"pointY":57.8975830078125},"width":249,"sublayerTransform":[1,0,0,0,0,1,0,0,0,0,1,0,0,0,0,1],"contentsRect":{"y":0,"x":0,"width":1,"height":1},"opacity":1,"edgeAntialiasingMask":0,"height":118,"hidden":false,"anchorPoint":{"pointX":0.5,"pointY":0.5}},"texture":"D3938F90DDC96FC7499A1D4C883D5E0B"}]}]},{"animations":[],"initialState":{"affineTransform":[1,0,0,1,0,0],"masksToBounds":false,"rotation":0,"scale":1,"position":{"pointX":960,"pointY":540},"width":1920,"sublayerTransform":[1,0,0,0,0,1,0,0,0,0,1,0,0,0,0,1],"contentsRect":{"y":0,"x":0,"width":1,"height":1},"opacity":1,"edgeAntialiasingMask":251658240,"height":1080,"hidden":false,"anchorPoint":{"pointX":0.5,"pointY":0.5}},"layers":[{"animations":[],"initialState":{"affineTransform":[1,0,0,1,0,0],"masksToBounds":false,"rotation":0,"scale":1,"position":{"pointX":578.78338623046761,"pointY":675.23419189453114},"width":537,"sublayerTransform":[1,0,0,0,0,1,0,0,0,0,1,0,0,0,0,1],"contentsRect":{"y":0,"x":0,"width":1,"height":1},"opacity":1,"edgeAntialiasingMask":251658240,"height":287,"hidden":false,"anchorPoint":{"pointX":0.5,"pointY":0.5}},"layers":[{"animations":[],"layers":[],"texturedRectangle":{"singleTextureOpacity":1,"textXHeight":0,"shapePath":{"lineWidth":1,"flatness":0.59999999999999998,"lineCapStyle":0,"elements":[{"type":"MoveToPoint","points":[[3.78338623046767,4.2341918945311363]]},{"type":"AddLine","points":[[533.12969970703125,4.2341918945311363]]},{"type":"AddLine","points":[[533.12969970703125,282.899658203125]]},{"type":"AddLine","points":[[3.78338623046767,282.899658203125]]},{"type":"CloseSubpath"},{"type":"MoveToPoint","points":[[3.78338623046767,4.2341918945311363]]}],"windingRule":0,"lineJoinStyle":0,"miterLimit":10},"isBackgroundTexture":true,"textBaseline":0,"isVerticalText":false,"textureType":5},"initialState":{"affineTransform":[1,0,0,1,0,0],"masksToBounds":false,"rotation":0,"scale":1,"position":{"pointX":267.21661376953233,"pointY":141.76580810546886},"width":537,"sublayerTransform":[1,0,0,0,0,1,0,0,0,0,1,0,0,0,0,1],"contentsRect":{"y":0,"x":0,"width":1,"height":1},"opacity":1,"edgeAntialiasingMask":0,"height":287,"hidden":false,"anchorPoint":{"pointX":0.5,"pointY":0.5}},"texture":"6F26CDAAE3C612595EB73352DB2304E7"}]}]},{"animations":[],"initialState":{"affineTransform":[1,0,0,1,0,0],"masksToBounds":false,"rotation":0,"scale":1,"position":{"pointX":960,"pointY":540},"width":1920,"sublayerTransform":[1,0,0,0,0,1,0,0,0,0,1,0,0,0,0,1],"contentsRect":{"y":0,"x":0,"width":1,"height":1},"opacity":1,"edgeAntialiasingMask":251658240,"height":1080,"hidden":false,"anchorPoint":{"pointX":0.5,"pointY":0.5}},"layers":[{"animations":[],"initialState":{"affineTransform":[1,0,0,1,0,0],"masksToBounds":false,"rotation":0,"scale":1,"position":{"pointX":1491.9820556640625,"pointY":812.30242919921886},"width":651,"sublayerTransform":[1,0,0,0,0,1,0,0,0,0,1,0,0,0,0,1],"contentsRect":{"y":0,"x":0,"width":1,"height":1},"opacity":1,"edgeAntialiasingMask":251658240,"height":379,"hidden":false,"anchorPoint":{"pointX":0.5,"pointY":0.5}},"objectID":"D10F2D4B-8D29-4E47-8B69-029166618382","layers":[{"animations":[],"layers":[],"texturedRectangle":{"singleTextureOpacity":1,"textXHeight":0,"shapePath":{"lineWidth":1,"flatness":0.59999999999999998,"lineCapStyle":0,"elements":[{"type":"MoveToPoint","points":[[3.9820556640625,4.3024291992188637]]},{"type":"AddLine","points":[[647.22113037109375,4.3024291992188637]]},{"type":"AddLine","points":[[647.22113037109375,374.9857177734375]]},{"type":"AddLine","points":[[3.9820556640625,374.9857177734375]]},{"type":"CloseSubpath"},{"type":"MoveToPoint","points":[[3.9820556640625,4.3024291992188637]]}],"windingRule":0,"lineJoinStyle":0,"miterLimit":10},"isBackgroundTexture":true,"textBaseline":0,"isVerticalText":false,"textureType":5},"initialState":{"affineTransform":[1,0,0,1,0,0],"masksToBounds":false,"rotation":0,"scale":1,"position":{"pointX":324.0179443359375,"pointY":187.69757080078114},"width":651,"sublayerTransform":[1,0,0,0,0,1,0,0,0,0,1,0,0,0,0,1],"contentsRect":{"y":0,"x":0,"width":1,"height":1},"opacity":1,"edgeAntialiasingMask":0,"height":379,"hidden":true,"anchorPoint":{"pointX":0.5,"pointY":0.5}},"texture":"FC51A5C6698B397A2787DD85520EEAD1"}]}]},{"animations":[],"initialState":{"affineTransform":[1,0,0,1,0,0],"masksToBounds":false,"rotation":0,"scale":1,"position":{"pointX":960,"pointY":540},"width":1920,"sublayerTransform":[1,0,0,0,0,1,0,0,0,0,1,0,0,0,0,1],"contentsRect":{"y":0,"x":0,"width":1,"height":1},"opacity":1,"edgeAntialiasingMask":251658240,"height":1080,"hidden":false,"anchorPoint":{"pointX":0.5,"pointY":0.5}},"layers":[{"animations":[],"initialState":{"affineTransform":[1,0,0,1,0,0],"masksToBounds":false,"rotation":0,"scale":1,"position":{"pointX":937.866943359375,"pointY":1000.4268193244934},"width":328,"sublayerTransform":[1,0,0,0,0,1,0,0,0,0,1,0,0,0,0,1],"contentsRect":{"y":0,"x":0,"width":1,"height":1},"opacity":1,"edgeAntialiasingMask":251658240,"height":33,"hidden":false,"anchorPoint":{"pointX":0.5,"pointY":0.5}},"objectID":"CFBF7D28-4E87-413D-965A-5A0DC068D003","layers":[{"animations":[],"layers":[],"texturedRectangle":{"singleTextureOpacity":1,"textXHeight":0.5013333333333333,"textBaseline":0.76408803824222449,"isBackgroundTexture":true,"isVerticalText":false,"textColor":[0,0,0,1],"textureType":6},"initialState":{"affineTransform":[1,0,0,1,0,0],"masksToBounds":false,"rotation":0,"scale":1,"position":{"pointX":166.133056640625,"pointY":25.573180675506592},"width":328,"sublayerTransform":[1,0,0,0,0,1,0,0,0,0,1,0,0,0,0,1],"contentsRect":{"y":0,"x":0,"width":1,"height":1},"opacity":1,"edgeAntialiasingMask":0,"height":33,"hidden":true,"anchorPoint":{"pointX":0.5,"pointY":0.5}},"texture":"986BB248B0618ABBAF4C55F27D6B8C96"}]}]},{"animations":[],"initialState":{"affineTransform":[1,0,0,1,0,0],"masksToBounds":false,"rotation":0,"scale":1,"position":{"pointX":960,"pointY":540},"width":1920,"sublayerTransform":[1,0,0,0,0,1,0,0,0,0,1,0,0,0,0,1],"contentsRect":{"y":0,"x":0,"width":1,"height":1},"opacity":1,"edgeAntialiasingMask":251658240,"height":1080,"hidden":false,"anchorPoint":{"pointX":0.5,"pointY":0.5}},"layers":[{"animations":[],"initialState":{"affineTransform":[1,0,0,1,0,0],"masksToBounds":false,"rotation":0,"scale":1,"position":{"pointX":1059.5136033000017,"pointY":928.55198440611218},"width":222,"sublayerTransform":[1,0,0,0,0,1,0,0,0,0,1,0,0,0,0,1],"contentsRect":{"y":0,"x":0,"width":1,"height":1},"opacity":1,"edgeAntialiasingMask":251658240,"height":120,"hidden":false,"anchorPoint":{"pointX":0.5,"pointY":0.5}},"objectID":"889B04A2-044B-483C-A86C-6D9DEF7EE3C1","layers":[{"animations":[],"layers":[],"texturedRectangle":{"singleTextureOpacity":1,"textXHeight":0,"shapePath":{"lineWidth":1,"flatness":0.59999999999999998,"lineCapStyle":0,"elements":[{"type":"MoveToPoint","points":[[3.6224997703737927,116.92584922441472]]},{"type":"AddCurve","points":[[28.741428333051886,77.455611372299472],[94.14889043308176,42.269177650579422],[199.8448860704641,11.366548059254228]]},{"type":"AddLine","points":[[202.25370170127849,10.683929155670626]]}],"windingRule":0,"lineJoinStyle":0,"miterLimit":10},"isBackgroundTexture":true,"textBaseline":0,"isVerticalText":false,"textureType":5},"initialState":{"affineTransform":[1,0,0,1,0,0],"masksToBounds":false,"rotation":0,"scale":1,"position":{"pointX":109.48639669999818,"pointY":58.448015593887817},"width":222,"sublayerTransform":[1,0,0,0,0,1,0,0,0,0,1,0,0,0,0,1],"contentsRect":{"y":0,"x":0,"width":1,"height":1},"opacity":1,"edgeAntialiasingMask":0,"height":120,"hidden":true,"anchorPoint":{"pointX":0.5,"pointY":0.5}},"texture":"0A7DA13ADE718961D14941BA989FBC96"}]}]}]}},{"effects":[{"beginTime":0,"baseLayer":{"animations":[],"initialState":{"affineTransform":[1,0,0,1,0,0],"masksToBounds":false,"rotation":0,"scale":1,"position":{"pointX":1059.5136033000017,"pointY":928.55198440611218},"width":222,"sublayerTransform":[1,0,0,0,0,1,0,0,0,0,1,0,0,0,0,1],"contentsRect":{"y":0,"x":0,"width":1,"height":1},"opacity":1,"edgeAntialiasingMask":251658240,"height":120,"hidden":false,"anchorPoint":{"pointX":0.5,"pointY":0.5}},"objectID":"889B04A2-044B-483C-A86C-6D9DEF7EE3C1","layers":[{"animations":[],"initialState":{"affineTransform":[1,0,0,1,0,0],"masksToBounds":false,"rotation":0,"scale":1,"position":{"pointX":11.486396699998295,"pointY":-328.55198440611218},"width":222,"sublayerTransform":[1,0,0,0,0,1,0,0,0,0,1,-0.00035007912466775983,0,0,0,1],"contentsRect":{"y":0,"x":0,"width":1,"height":1},"opacity":1,"edgeAntialiasingMask":251658240,"height":120,"hidden":false,"anchorPoint":{"pointX":0.051740525675667996,"pointY":-2.737933203384268}},"layers":[{"animations":[{"additive":false,"timeOffset":0,"beginTime":1e-100,"repeatCount":0,"fillMode":"both","duration":1,"autoreverses":false,"animations":[{"repeatCount":0,"removedOnCompletion":true,"from":{"scalar":0},"timingFunction":"EaseInEaseOut","additive":false,"timeOffset":0,"autoreverses":false,"property":"opacity","fillMode":"both","duration":1,"beginTime":0,"to":{"scalar":1}},{"additive":false,"timeOffset":0,"beginTime":0,"from":{"scalar":false},"repeatCount":0,"fillMode":"forwards","duration":1,"autoreverses":false,"property":"hidden","to":{"scalar":false},"removedOnCompletion":true}],"removedOnCompletion":false}],"layers":[],"texturedRectangle":{"singleTextureOpacity":1,"textXHeight":0,"shapePath":{"lineWidth":1,"flatness":0.59999999999999998,"lineCapStyle":0,"elements":[{"type":"MoveToPoint","points":[[3.6224997703737927,116.92584922441472]]},{"type":"AddCurve","points":[[28.741428333051886,77.455611372299472],[94.14889043308176,42.269177650579422],[199.8448860704641,11.366548059254228]]},{"type":"AddLine","points":[[202.25370170127849,10.683929155670626]]}],"windingRule":0,"lineJoinStyle":0,"miterLimit":10},"isBackgroundTexture":true,"textBaseline":0,"isVerticalText":false,"textureType":5},"initialState":{"affineTransform":[1,0,0,1,0,0],"masksToBounds":false,"rotation":0,"scale":1,"position":{"pointX":109.48639669999818,"pointY":58.448015593887817},"width":222,"sublayerTransform":[1,0,0,0,0,1,0,0,0,0,1,0,0,0,0,1],"contentsRect":{"y":0,"x":0,"width":1,"height":1},"opacity":1,"edgeAntialiasingMask":0,"height":120,"hidden":true,"anchorPoint":{"pointX":0.5,"pointY":0.5}},"texture":"0A7DA13ADE718961D14941BA989FBC96"}]}]},"effects":[],"duration":1,"type":"buildIn","attributes":{"direction":0},"name":"apple:dissolve character","objectID":"889B04A2-044B-483C-A86C-6D9DEF7EE3C1"},{"beginTime":0,"baseLayer":{"animations":[],"initialState":{"affineTransform":[1,0,0,1,0,0],"masksToBounds":false,"rotation":0,"scale":1,"position":{"pointX":937.866943359375,"pointY":1000.4268193244934},"width":328,"sublayerTransform":[1,0,0,0,0,1,0,0,0,0,1,0,0,0,0,1],"contentsRect":{"y":0,"x":0,"width":1,"height":1},"opacity":1,"edgeAntialiasingMask":251658240,"height":33,"hidden":false,"anchorPoint":{"pointX":0.5,"pointY":0.5}},"objectID":"CFBF7D28-4E87-413D-965A-5A0DC068D003","layers":[{"animations":[],"initialState":{"affineTransform":[1,0,0,1,0,0],"masksToBounds":false,"rotation":0,"scale":1,"position":{"pointX":186.133056640625,"pointY":-443.92681932449341},"width":328,"sublayerTransform":[1,0,0,0,0,1,0,0,0,0,1,-0.00035007912466775983,0,0,0,1],"contentsRect":{"y":0,"x":0,"width":1,"height":1},"opacity":1,"edgeAntialiasingMask":251658240,"height":33,"hidden":false,"anchorPoint":{"pointX":0.56747883122141773,"pointY":-13.452327858317982}},"layers":[{"animations":[{"additive":false,"timeOffset":0,"beginTime":1e-100,"repeatCount":0,"fillMode":"both","duration":1,"autoreverses":false,"animations":[{"repeatCount":0,"removedOnCompletion":true,"from":{"scalar":0},"timingFunction":"EaseInEaseOut","additive":false,"timeOffset":0,"autoreverses":false,"property":"opacity","fillMode":"both","duration":1,"beginTime":0,"to":{"scalar":1}},{"additive":false,"timeOffset":0,"beginTime":0,"from":{"scalar":false},"repeatCount":0,"fillMode":"forwards","duration":1,"autoreverses":false,"property":"hidden","to":{"scalar":false},"removedOnCompletion":true}],"removedOnCompletion":false}],"layers":[],"texturedRectangle":{"singleTextureOpacity":1,"textXHeight":0.5013333333333333,"textBaseline":0.76408803824222449,"isBackgroundTexture":true,"isVerticalText":false,"textColor":[0,0,0,1],"textureType":6},"initialState":{"affineTransform":[1,0,0,1,0,0],"masksToBounds":false,"rotation":0,"scale":1,"position":{"pointX":166.133056640625,"pointY":25.573180675506592},"width":328,"sublayerTransform":[1,0,0,0,0,1,0,0,0,0,1,0,0,0,0,1],"contentsRect":{"y":0,"x":0,"width":1,"height":1},"opacity":1,"edgeAntialiasingMask":0,"height":33,"hidden":true,"anchorPoint":{"pointX":0.5,"pointY":0.5}},"texture":"986BB248B0618ABBAF4C55F27D6B8C96"}]}]},"effects":[],"duration":1,"type":"buildIn","attributes":{"direction":0},"name":"apple:dissolve character","objectID":"CFBF7D28-4E87-413D-965A-5A0DC068D003"}],"automaticPlay":false,"hyperlinks":[],"accessibility":[{"text":"indsat-film.png","targetRectangle":{"y":360.70370483398438,"x":1187.3533935546875,"width":129.89451599121094,"height":240.43386840820312}},{"text":"web browser","targetRectangle":{"y":541.23419189453125,"x":482.00054296874998,"width":190.91200000000003,"height":38.07177734375}},{"text":"cat.jpg","targetRectangle":{"y":445.54376101493835,"x":1612.7855224609375,"width":146.6880000000001,"height":55.656005859375}},{"text":"I've made a web game!","targetRectangle":{"y":280.21575927734375,"x":1339.8218732272451,"width":179.64800000000014,"height":77.07177734375}},{"text":"some sort of server \/ hosting service","targetRectangle":{"y":632.30242919921875,"x":1221.1135930175781,"width":538.97600000000011,"height":38.07177734375}},{"text":"I would like to play it!","targetRectangle":{"y":416.6024169921875,"x":205.7736001559561,"width":214.01600000000002,"height":77.07177734375}},{"text":"styles.css","targetRectangle":{"y":371.7744128704071,"x":1587.0574951171875,"width":210.67200000000003,"height":55.656005859375}},{"text":"styles.css","targetRectangle":{"y":372.2072741985321,"x":1587.0574951171875,"width":210.67200000000003,"height":55.656005859375}},{"text":"indsat-film.png","targetRectangle":{"y":512.06903076171875,"x":70.489158630371094,"width":129.89451599121094,"height":240.43386840820312}},{"text":"cat.jpg","targetRectangle":{"y":445.11089968681335,"x":1612.7855224609375,"width":146.6880000000001,"height":55.656005859375}},{"text":"How can I play your game?","targetRectangle":{"y":79,"x":99,"width":1054.595000911951,"height":100.53440856933594}},{"text":"gameplay.js","targetRectangle":{"y":518.8802478313446,"x":1565.697509765625,"width":253.39200000000005,"height":55.656005859375}},{"text":"index.html","targetRectangle":{"y":298.87078928947449,"x":1580.79345703125,"width":223.20000000000005,"height":55.656005859375}},{"text":"gameplay.js","targetRectangle":{"y":518.4473865032196,"x":1565.697509765625,"width":253.39200000000005,"height":55.656005859375}}],"baseLayer":{"animations":[],"initialState":{"affineTransform":[1,0,0,1,0,0],"masksToBounds":false,"rotation":0,"scale":1,"position":{"pointX":960,"pointY":540},"width":1920,"sublayerTransform":[1,0,0,0,0,1,0,0,0,0,1,0,0,0,0,1],"contentsRect":{"y":0,"x":0,"width":1,"height":1},"opacity":1,"edgeAntialiasingMask":251658240,"height":1080,"hidden":false,"anchorPoint":{"pointX":0.5,"pointY":0.5}},"layers":[{"animations":[],"initialState":{"affineTransform":[1,0,0,1,0,0],"masksToBounds":false,"rotation":0,"scale":1,"position":{"pointX":960,"pointY":540},"width":1920,"sublayerTransform":[1,0,0,0,0,1,0,0,0,0,1,0,0,0,0,1],"contentsRect":{"y":0,"x":0,"width":1,"height":1},"opacity":1,"edgeAntialiasingMask":251658240,"height":1080,"hidden":false,"anchorPoint":{"pointX":0.5,"pointY":0.5}},"layers":[{"animations":[],"initialState":{"affineTransform":[1,0,0,1,0,0],"masksToBounds":false,"rotation":0,"scale":1,"position":{"pointX":960,"pointY":540},"width":1920,"sublayerTransform":[1,0,0,0,0,1,0,0,0,0,1,0,0,0,0,1],"contentsRect":{"y":0,"x":0,"width":1,"height":1},"opacity":1,"edgeAntialiasingMask":251658240,"height":1080,"hidden":false,"anchorPoint":{"pointX":0.5,"pointY":0.5}},"layers":[{"animations":[],"layers":[],"texturedRectangle":{"isBackgroundTexture":true,"singleTextureOpacity":1,"textureType":1,"textBaseline":0,"textXHeight":0,"isVerticalText":false},"initialState":{"affineTransform":[1,0,0,1,0,0],"masksToBounds":false,"rotation":0,"scale":1,"position":{"pointX":960,"pointY":540},"width":1920,"sublayerTransform":[1,0,0,0,0,1,0,0,0,0,1,0,0,0,0,1],"contentsRect":{"y":0,"x":0,"width":1,"height":1},"opacity":1,"edgeAntialiasingMask":0,"height":1080,"hidden":false,"anchorPoint":{"pointX":0.5,"pointY":0.5}},"texture":"3C17BA1FBD27B82F2CF26AB320F3707B"}]}]},{"animations":[],"initialState":{"affineTransform":[1,0,0,1,0,0],"masksToBounds":false,"rotation":0,"scale":1,"position":{"pointX":960,"pointY":540},"width":1920,"sublayerTransform":[1,0,0,0,0,1,0,0,0,0,1,0,0,0,0,1],"contentsRect":{"y":0,"x":0,"width":1,"height":1},"opacity":1,"edgeAntialiasingMask":251658240,"height":1080,"hidden":false,"anchorPoint":{"pointX":0.5,"pointY":0.5}},"layers":[{"animations":[],"initialState":{"affineTransform":[1,0,0,1,0,0],"masksToBounds":false,"rotation":0,"scale":1,"position":{"pointX":1703.697509765625,"pointY":447.87078857421875},"width":284,"sublayerTransform":[1,0,0,0,0,1,0,0,0,0,1,0,0,0,0,1],"contentsRect":{"y":0,"x":0,"width":1,"height":1},"opacity":1,"edgeAntialiasingMask":251658240,"height":306,"hidden":false,"anchorPoint":{"pointX":0.5,"pointY":0.5}},"layers":[{"animations":[],"layers":[],"texturedRectangle":{"isBackgroundTexture":true,"singleTextureOpacity":1,"textureType":5,"textBaseline":0,"textXHeight":0,"isVerticalText":false},"initialState":{"affineTransform":[1,0,0,1,0,0],"masksToBounds":false,"rotation":0,"scale":1,"position":{"pointX":131.302490234375,"pointY":142.12921142578125},"width":284,"sublayerTransform":[1,0,0,0,0,1,0,0,0,0,1,0,0,0,0,1],"contentsRect":{"y":0,"x":0,"width":1,"height":1},"opacity":1,"edgeAntialiasingMask":0,"height":306,"hidden":false,"anchorPoint":{"pointX":0.5,"pointY":0.5}},"texture":"C3D2331EABF95536DA4E1E153CF12972"}]}]},{"animations":[],"initialState":{"affineTransform":[1,0,0,1,0,0],"masksToBounds":false,"rotation":0,"scale":1,"position":{"pointX":960,"pointY":540},"width":1920,"sublayerTransform":[1,0,0,0,0,1,0,0,0,0,1,0,0,0,0,1],"contentsRect":{"y":0,"x":0,"width":1,"height":1},"opacity":1,"edgeAntialiasingMask":251658240,"height":1080,"hidden":false,"anchorPoint":{"pointX":0.5,"pointY":0.5}},"layers":[{"animations":[],"initialState":{"affineTransform":[1,0,0,1,0,0],"masksToBounds":false,"rotation":0,"scale":1,"position":{"pointX":619.5,"pointY":115.99999999999997},"width":1049,"sublayerTransform":[1,0,0,0,0,1,0,0,0,0,1,0,0,0,0,1],"contentsRect":{"y":0,"x":0,"width":1,"height":1},"opacity":1,"edgeAntialiasingMask":251658240,"height":82,"hidden":false,"anchorPoint":{"pointX":0.5,"pointY":0.5}},"layers":[{"animations":[],"layers":[],"texturedRectangle":{"singleTextureOpacity":1,"textXHeight":0.53591463414634144,"textBaseline":0.78158308820026678,"isBackgroundTexture":true,"isVerticalText":false,"textColor":[0,0.30196079611778259,0.50196081399917603,1],"textureType":6},"initialState":{"affineTransform":[1,0,0,1,0,0],"masksToBounds":false,"rotation":0,"scale":1,"position":{"pointX":532.5,"pointY":63.000000000000028},"width":1049,"sublayerTransform":[1,0,0,0,0,1,0,0,0,0,1,0,0,0,0,1],"contentsRect":{"y":0,"x":0,"width":1,"height":1},"opacity":1,"edgeAntialiasingMask":0,"height":82,"hidden":false,"anchorPoint":{"pointX":0.5,"pointY":0.5}},"texture":"8701D459A373F8BD9981E5F04F66642F"}]}]},{"animations":[],"initialState":{"affineTransform":[1,0,0,1,0,0],"masksToBounds":false,"rotation":0,"scale":1,"position":{"pointX":960,"pointY":540},"width":1920,"sublayerTransform":[1,0,0,0,0,1,0,0,0,0,1,0,0,0,0,1],"contentsRect":{"y":0,"x":0,"width":1,"height":1},"opacity":1,"edgeAntialiasingMask":251658240,"height":1080,"hidden":false,"anchorPoint":{"pointX":0.5,"pointY":0.5}},"layers":[]},{"animations":[],"initialState":{"affineTransform":[1,0,0,1,0,0],"masksToBounds":false,"rotation":0,"scale":1,"position":{"pointX":960,"pointY":540},"width":1920,"sublayerTransform":[1,0,0,0,0,1,0,0,0,0,1,0,0,0,0,1],"contentsRect":{"y":0,"x":0,"width":1,"height":1},"opacity":1,"edgeAntialiasingMask":251658240,"height":1080,"hidden":false,"anchorPoint":{"pointX":0.5,"pointY":0.5}},"layers":[{"animations":[],"initialState":{"affineTransform":[1,0,0,1,0,0],"masksToBounds":false,"rotation":0,"scale":1,"position":{"pointX":1694.0574951171875,"pointY":401.2744128704071},"width":222,"sublayerTransform":[1,0,0,0,0,1,0,0,0,0,1,0,0,0,0,1],"contentsRect":{"y":0,"x":0,"width":1,"height":1},"opacity":1,"edgeAntialiasingMask":251658240,"height":67,"hidden":false,"anchorPoint":{"pointX":0.5,"pointY":0.5}},"layers":[{"animations":[],"layers":[],"texturedRectangle":{"singleTextureOpacity":1,"textXHeight":0,"shapePath":{"lineWidth":1,"flatness":0.59999999999999998,"lineCapStyle":0,"elements":[{"type":"MoveToPoint","points":[[1.0574951171875,1.7744128704071045]]},{"type":"AddLine","points":[[220.72948360443115,1.7744128704071045]]},{"type":"AddLine","points":[[220.72948360443115,65.430421113967896]]},{"type":"AddLine","points":[[1.0574951171875,65.430421113967896]]},{"type":"CloseSubpath"},{"type":"MoveToPoint","points":[[1.0574951171875,1.7744128704071045]]}],"windingRule":0,"lineJoinStyle":0,"miterLimit":10},"isBackgroundTexture":true,"textBaseline":0,"isVerticalText":false,"textureType":5},"initialState":{"affineTransform":[1,0,0,1,0,0],"masksToBounds":false,"rotation":0,"scale":1,"position":{"pointX":109.9425048828125,"pointY":31.725587129592896},"width":222,"sublayerTransform":[1,0,0,0,0,1,0,0,0,0,1,0,0,0,0,1],"contentsRect":{"y":0,"x":0,"width":1,"height":1},"opacity":1,"edgeAntialiasingMask":0,"height":67,"hidden":false,"anchorPoint":{"pointX":0.5,"pointY":0.5}},"texture":"31C0EC7B97973B94B0FEAD418A358704"}]}]},{"animations":[],"initialState":{"affineTransform":[1,0,0,1,0,0],"masksToBounds":false,"rotation":0,"scale":1,"position":{"pointX":960,"pointY":540},"width":1920,"sublayerTransform":[1,0,0,0,0,1,0,0,0,0,1,0,0,0,0,1],"contentsRect":{"y":0,"x":0,"width":1,"height":1},"opacity":1,"edgeAntialiasingMask":251658240,"height":1080,"hidden":false,"anchorPoint":{"pointX":0.5,"pointY":0.5}},"layers":[{"animations":[],"initialState":{"affineTransform":[1,0,0,1,0,0],"masksToBounds":false,"rotation":0,"scale":1,"position":{"pointX":1688.2855224609375,"pointY":474.11089968681335},"width":159,"sublayerTransform":[1,0,0,0,0,1,0,0,0,0,1,0,0,0,0,1],"contentsRect":{"y":0,"x":0,"width":1,"height":1},"opacity":1,"edgeAntialiasingMask":251658240,"height":66,"hidden":false,"anchorPoint":{"pointX":0.5,"pointY":0.5}},"layers":[{"animations":[],"layers":[],"texturedRectangle":{"singleTextureOpacity":1,"textXHeight":0,"shapePath":{"lineWidth":1,"flatness":0.59999999999999998,"lineCapStyle":0,"elements":[{"type":"MoveToPoint","points":[[1.7855224609375,1.1108996868133545]]},{"type":"AddLine","points":[[157.4735221862793,1.1108996868133545]]},{"type":"AddLine","points":[[157.4735221862793,64.766907930374146]]},{"type":"AddLine","points":[[1.7855224609375,64.766907930374146]]},{"type":"CloseSubpath"},{"type":"MoveToPoint","points":[[1.7855224609375,1.1108996868133545]]}],"windingRule":0,"lineJoinStyle":0,"miterLimit":10},"isBackgroundTexture":true,"textBaseline":0,"isVerticalText":false,"textureType":5},"initialState":{"affineTransform":[1,0,0,1,0,0],"masksToBounds":false,"rotation":0,"scale":1,"position":{"pointX":77.7144775390625,"pointY":31.889100313186646},"width":159,"sublayerTransform":[1,0,0,0,0,1,0,0,0,0,1,0,0,0,0,1],"contentsRect":{"y":0,"x":0,"width":1,"height":1},"opacity":1,"edgeAntialiasingMask":0,"height":66,"hidden":false,"anchorPoint":{"pointX":0.5,"pointY":0.5}},"texture":"2C246BF76B5563CDF9EF1D11FB36654C"}]}]},{"animations":[],"initialState":{"affineTransform":[1,0,0,1,0,0],"masksToBounds":false,"rotation":0,"scale":1,"position":{"pointX":960,"pointY":540},"width":1920,"sublayerTransform":[1,0,0,0,0,1,0,0,0,0,1,0,0,0,0,1],"contentsRect":{"y":0,"x":0,"width":1,"height":1},"opacity":1,"edgeAntialiasingMask":251658240,"height":1080,"hidden":false,"anchorPoint":{"pointX":0.5,"pointY":0.5}},"layers":[{"animations":[],"initialState":{"affineTransform":[1,0,0,1,0,0],"masksToBounds":false,"rotation":0,"scale":1,"position":{"pointX":1694.697509765625,"pointY":547.9473865032196},"width":266,"sublayerTransform":[1,0,0,0,0,1,0,0,0,0,1,0,0,0,0,1],"contentsRect":{"y":0,"x":0,"width":1,"height":1},"opacity":1,"edgeAntialiasingMask":251658240,"height":67,"hidden":false,"anchorPoint":{"pointX":0.5,"pointY":0.5}},"layers":[{"animations":[],"layers":[],"texturedRectangle":{"singleTextureOpacity":1,"textXHeight":0,"shapePath":{"lineWidth":1,"flatness":0.59999999999999998,"lineCapStyle":0,"elements":[{"type":"MoveToPoint","points":[[1.697509765625,1.4473865032196045]]},{"type":"AddLine","points":[[264.08950614929199,1.4473865032196045]]},{"type":"AddLine","points":[[264.08950614929199,65.103394746780396]]},{"type":"AddLine","points":[[1.697509765625,65.103394746780396]]},{"type":"CloseSubpath"},{"type":"MoveToPoint","points":[[1.697509765625,1.4473865032196045]]}],"windingRule":0,"lineJoinStyle":0,"miterLimit":10},"isBackgroundTexture":true,"textBaseline":0,"isVerticalText":false,"textureType":5},"initialState":{"affineTransform":[1,0,0,1,0,0],"masksToBounds":false,"rotation":0,"scale":1,"position":{"pointX":131.302490234375,"pointY":32.052613496780396},"width":266,"sublayerTransform":[1,0,0,0,0,1,0,0,0,0,1,0,0,0,0,1],"contentsRect":{"y":0,"x":0,"width":1,"height":1},"opacity":1,"edgeAntialiasingMask":0,"height":67,"hidden":false,"anchorPoint":{"pointX":0.5,"pointY":0.5}},"texture":"642D96CC4150B97A95AA1164AECFF273"}]}]},{"animations":[],"initialState":{"affineTransform":[1,0,0,1,0,0],"masksToBounds":false,"rotation":0,"scale":1,"position":{"pointX":960,"pointY":540},"width":1920,"sublayerTransform":[1,0,0,0,0,1,0,0,0,0,1,0,0,0,0,1],"contentsRect":{"y":0,"x":0,"width":1,"height":1},"opacity":1,"edgeAntialiasingMask":251658240,"height":1080,"hidden":false,"anchorPoint":{"pointX":0.5,"pointY":0.5}},"layers":[{"animations":[],"initialState":{"affineTransform":[1,0,0,1,0,0],"masksToBounds":false,"rotation":0,"scale":1,"position":{"pointX":1253.8533935546875,"pointY":482.70370483398438},"width":133,"sublayerTransform":[1,0,0,0,0,1,0,0,0,0,1,0,0,0,0,1],"contentsRect":{"y":0,"x":0,"width":1,"height":1},"opacity":1,"edgeAntialiasingMask":251658240,"height":244,"hidden":false,"anchorPoint":{"pointX":0.5,"pointY":0.5}},"layers":[{"animations":[],"layers":[],"texturedRectangle":{"isBackgroundTexture":true,"singleTextureOpacity":1,"textureType":5,"textBaseline":0,"textXHeight":0,"isVerticalText":false},"initialState":{"affineTransform":[1,0,0,1,0,0],"masksToBounds":false,"rotation":0,"scale":1,"position":{"pointX":65.1466064453125,"pointY":120.29629516601562},"width":133,"sublayerTransform":[1,0,0,0,0,1,0,0,0,0,1,0,0,0,0,1],"contentsRect":{"y":0,"x":0,"width":1,"height":1},"opacity":1,"edgeAntialiasingMask":0,"height":244,"hidden":false,"anchorPoint":{"pointX":0.5,"pointY":0.5}},"texture":"9C4ED8C56BE4971863A21E3AFAE784F7"}]}]},{"animations":[],"initialState":{"affineTransform":[1,0,0,1,0,0],"masksToBounds":false,"rotation":0,"scale":1,"position":{"pointX":960,"pointY":540},"width":1920,"sublayerTransform":[1,0,0,0,0,1,0,0,0,0,1,0,0,0,0,1],"contentsRect":{"y":0,"x":0,"width":1,"height":1},"opacity":1,"edgeAntialiasingMask":251658240,"height":1080,"hidden":false,"anchorPoint":{"pointX":0.5,"pointY":0.5}},"layers":[{"animations":[],"initialState":{"affineTransform":[1,0,0,1,0,0],"masksToBounds":false,"rotation":0,"scale":1,"position":{"pointX":136.98915863037109,"pointY":633.56903076171875},"width":133,"sublayerTransform":[1,0,0,0,0,1,0,0,0,0,1,0,0,0,0,1],"contentsRect":{"y":0,"x":0,"width":1,"height":1},"opacity":1,"edgeAntialiasingMask":251658240,"height":243,"hidden":false,"anchorPoint":{"pointX":0.5,"pointY":0.5}},"layers":[{"animations":[],"layers":[],"texturedRectangle":{"isBackgroundTexture":true,"singleTextureOpacity":1,"textureType":5,"textBaseline":0,"textXHeight":0,"isVerticalText":false},"initialState":{"affineTransform":[1,0,0,1,0,0],"masksToBounds":false,"rotation":0,"scale":1,"position":{"pointX":65.010841369628906,"pointY":120.43096923828125},"width":133,"sublayerTransform":[1,0,0,0,0,1,0,0,0,0,1,0,0,0,0,1],"contentsRect":{"y":0,"x":0,"width":1,"height":1},"opacity":1,"edgeAntialiasingMask":0,"height":243,"hidden":false,"anchorPoint":{"pointX":0.5,"pointY":0.5}},"texture":"E3711CA7033F0A7ED8FF96E9FBE70126"}]}]},{"animations":[],"initialState":{"affineTransform":[1,0,0,1,0,0],"masksToBounds":false,"rotation":0,"scale":1,"position":{"pointX":960,"pointY":540},"width":1920,"sublayerTransform":[1,0,0,0,0,1,0,0,0,0,1,0,0,0,0,1],"contentsRect":{"y":0,"x":0,"width":1,"height":1},"opacity":1,"edgeAntialiasingMask":251658240,"height":1080,"hidden":false,"anchorPoint":{"pointX":0.5,"pointY":0.5}},"layers":[{"animations":[],"initialState":{"affineTransform":[1,0,0,1,0,0],"masksToBounds":false,"rotation":0,"scale":1,"position":{"pointX":1426.8072509765625,"pointY":327.21575927734375},"width":249,"sublayerTransform":[1,0,0,0,0,1,0,0,0,0,1,0,0,0,0,1],"contentsRect":{"y":0,"x":0,"width":1,"height":1},"opacity":1,"edgeAntialiasingMask":251658240,"height":119,"hidden":false,"anchorPoint":{"pointX":0.5,"pointY":0.5}},"layers":[{"animations":[],"layers":[],"texturedRectangle":{"singleTextureOpacity":1,"textXHeight":0,"shapePath":{"lineWidth":1,"flatness":0.59999999999999998,"lineCapStyle":0,"elements":[{"type":"MoveToPoint","points":[[42.7760009765625,1.71575927734375]]},{"type":"AddCurve","points":[[19.874140421549555,1.71575927734375],[1.3072509765625,20.282648722330748],[1.3072509765625,43.18450927734375]]},{"type":"AddLine","points":[[1.3072509765625,63.09075927734375]]},{"type":"AddCurve","points":[[1.3072509765625,78.588544209798158],[9.9007288614909612,91.942529678344727],[22.4947509765625,99.05950927734375]]},{"type":"AddLine","points":[[2.1197509765625,117.37200927734375]]},{"type":"AddLine","points":[[55.0572509765625,104.55950927734375]]},{"type":"AddLine","points":[[205.6197509765625,104.55950927734375]]},{"type":"AddCurve","points":[[228.52162679036451,104.55951436360675],[247.0885009765625,85.992619832356752],[247.0885009765625,63.09075927734375]]},{"type":"AddLine","points":[[247.0885009765625,43.18450927734375]]},{"type":"AddCurve","points":[[247.08846028645826,20.282648722330748],[228.52161153157545,1.71575927734375],[205.6197509765625,1.71575927734375]]},{"type":"AddLine","points":[[42.7760009765625,1.71575927734375]]},{"type":"CloseSubpath"},{"type":"MoveToPoint","points":[[42.7760009765625,1.71575927734375]]}],"windingRule":0,"lineJoinStyle":0,"miterLimit":10},"isBackgroundTexture":true,"textBaseline":0,"isVerticalText":false,"textureType":5},"initialState":{"affineTransform":[1,0,0,1,0,0],"masksToBounds":false,"rotation":0,"scale":1,"position":{"pointX":123.1927490234375,"pointY":57.78424072265625},"width":249,"sublayerTransform":[1,0,0,0,0,1,0,0,0,0,1,0,0,0,0,1],"contentsRect":{"y":0,"x":0,"width":1,"height":1},"opacity":1,"edgeAntialiasingMask":0,"height":119,"hidden":false,"anchorPoint":{"pointX":0.5,"pointY":0.5}},"texture":"2CED552AC0A29F8691D5D61164536F28"}]}]},{"animations":[],"initialState":{"affineTransform":[1,0,0,1,0,0],"masksToBounds":false,"rotation":0,"scale":1,"position":{"pointX":960,"pointY":540},"width":1920,"sublayerTransform":[1,0,0,0,0,1,0,0,0,0,1,0,0,0,0,1],"contentsRect":{"y":0,"x":0,"width":1,"height":1},"opacity":1,"edgeAntialiasingMask":251658240,"height":1080,"hidden":false,"anchorPoint":{"pointX":0.5,"pointY":0.5}},"layers":[{"animations":[],"initialState":{"affineTransform":[1,0,0,1,0,0],"masksToBounds":false,"rotation":0,"scale":1,"position":{"pointX":309.94297790527344,"pointY":463.1024169921875},"width":249,"sublayerTransform":[1,0,0,0,0,1,0,0,0,0,1,0,0,0,0,1],"contentsRect":{"y":0,"x":0,"width":1,"height":1},"opacity":1,"edgeAntialiasingMask":251658240,"height":118,"hidden":false,"anchorPoint":{"pointX":0.5,"pointY":0.5}},"layers":[{"animations":[],"layers":[],"texturedRectangle":{"singleTextureOpacity":1,"textXHeight":0,"shapePath":{"lineWidth":1,"flatness":0.59999999999999998,"lineCapStyle":0,"elements":[{"type":"MoveToPoint","points":[[42.911727905273438,1.1024169921875]]},{"type":"AddCurve","points":[[20.009867350260407,1.1024169921875],[1.4429779052734375,19.669306437174498],[1.4429779052734375,42.5711669921875]]},{"type":"AddLine","points":[[1.4429779052734375,62.4774169921875]]},{"type":"AddCurve","points":[[1.4429779052734375,77.975201924641908],[10.036455790201813,91.329187393188477],[22.630477905273438,98.4461669921875]]},{"type":"AddLine","points":[[2.2554779052734375,116.7586669921875]]},{"type":"AddLine","points":[[55.192977905273438,103.9461669921875]]},{"type":"AddLine","points":[[205.75547790527344,103.9461669921875]]},{"type":"AddCurve","points":[[228.65735371907556,103.9461720784505],[247.22422790527344,85.379277547200502],[247.22422790527344,62.4774169921875]]},{"type":"AddLine","points":[[247.22422790527344,42.5711669921875]]},{"type":"AddCurve","points":[[247.22418721516931,19.669306437174498],[228.6573384602865,1.1024169921875],[205.75547790527344,1.1024169921875]]},{"type":"AddLine","points":[[42.911727905273438,1.1024169921875]]},{"type":"CloseSubpath"},{"type":"MoveToPoint","points":[[42.911727905273438,1.1024169921875]]}],"windingRule":0,"lineJoinStyle":0,"miterLimit":10},"isBackgroundTexture":true,"textBaseline":0,"isVerticalText":false,"textureType":5},"initialState":{"affineTransform":[1,0,0,1,0,0],"masksToBounds":false,"rotation":0,"scale":1,"position":{"pointX":123.05702209472656,"pointY":57.8975830078125},"width":249,"sublayerTransform":[1,0,0,0,0,1,0,0,0,0,1,0,0,0,0,1],"contentsRect":{"y":0,"x":0,"width":1,"height":1},"opacity":1,"edgeAntialiasingMask":0,"height":118,"hidden":false,"anchorPoint":{"pointX":0.5,"pointY":0.5}},"texture":"D3938F90DDC96FC7499A1D4C883D5E0B"}]}]},{"animations":[],"initialState":{"affineTransform":[1,0,0,1,0,0],"masksToBounds":false,"rotation":0,"scale":1,"position":{"pointX":960,"pointY":540},"width":1920,"sublayerTransform":[1,0,0,0,0,1,0,0,0,0,1,0,0,0,0,1],"contentsRect":{"y":0,"x":0,"width":1,"height":1},"opacity":1,"edgeAntialiasingMask":251658240,"height":1080,"hidden":false,"anchorPoint":{"pointX":0.5,"pointY":0.5}},"layers":[{"animations":[],"initialState":{"affineTransform":[1,0,0,1,0,0],"masksToBounds":false,"rotation":0,"scale":1,"position":{"pointX":578.78338623046761,"pointY":675.23419189453114},"width":537,"sublayerTransform":[1,0,0,0,0,1,0,0,0,0,1,0,0,0,0,1],"contentsRect":{"y":0,"x":0,"width":1,"height":1},"opacity":1,"edgeAntialiasingMask":251658240,"height":287,"hidden":false,"anchorPoint":{"pointX":0.5,"pointY":0.5}},"layers":[{"animations":[],"layers":[],"texturedRectangle":{"singleTextureOpacity":1,"textXHeight":0,"shapePath":{"lineWidth":1,"flatness":0.59999999999999998,"lineCapStyle":0,"elements":[{"type":"MoveToPoint","points":[[3.78338623046767,4.2341918945311363]]},{"type":"AddLine","points":[[533.12969970703125,4.2341918945311363]]},{"type":"AddLine","points":[[533.12969970703125,282.899658203125]]},{"type":"AddLine","points":[[3.78338623046767,282.899658203125]]},{"type":"CloseSubpath"},{"type":"MoveToPoint","points":[[3.78338623046767,4.2341918945311363]]}],"windingRule":0,"lineJoinStyle":0,"miterLimit":10},"isBackgroundTexture":true,"textBaseline":0,"isVerticalText":false,"textureType":5},"initialState":{"affineTransform":[1,0,0,1,0,0],"masksToBounds":false,"rotation":0,"scale":1,"position":{"pointX":267.21661376953233,"pointY":141.76580810546886},"width":537,"sublayerTransform":[1,0,0,0,0,1,0,0,0,0,1,0,0,0,0,1],"contentsRect":{"y":0,"x":0,"width":1,"height":1},"opacity":1,"edgeAntialiasingMask":0,"height":287,"hidden":false,"anchorPoint":{"pointX":0.5,"pointY":0.5}},"texture":"6F26CDAAE3C612595EB73352DB2304E7"}]}]},{"animations":[],"initialState":{"affineTransform":[1,0,0,1,0,0],"masksToBounds":false,"rotation":0,"scale":1,"position":{"pointX":960,"pointY":540},"width":1920,"sublayerTransform":[1,0,0,0,0,1,0,0,0,0,1,0,0,0,0,1],"contentsRect":{"y":0,"x":0,"width":1,"height":1},"opacity":1,"edgeAntialiasingMask":251658240,"height":1080,"hidden":false,"anchorPoint":{"pointX":0.5,"pointY":0.5}},"layers":[{"animations":[],"initialState":{"affineTransform":[1,0,0,1,0,0],"masksToBounds":false,"rotation":0,"scale":1,"position":{"pointX":1491.9820556640625,"pointY":812.30242919921886},"width":651,"sublayerTransform":[1,0,0,0,0,1,0,0,0,0,1,0,0,0,0,1],"contentsRect":{"y":0,"x":0,"width":1,"height":1},"opacity":1,"edgeAntialiasingMask":251658240,"height":379,"hidden":false,"anchorPoint":{"pointX":0.5,"pointY":0.5}},"objectID":"D10F2D4B-8D29-4E47-8B69-029166618382","layers":[{"animations":[],"layers":[],"texturedRectangle":{"singleTextureOpacity":1,"textXHeight":0,"shapePath":{"lineWidth":1,"flatness":0.59999999999999998,"lineCapStyle":0,"elements":[{"type":"MoveToPoint","points":[[3.9820556640625,4.3024291992188637]]},{"type":"AddLine","points":[[647.22113037109375,4.3024291992188637]]},{"type":"AddLine","points":[[647.22113037109375,374.9857177734375]]},{"type":"AddLine","points":[[3.9820556640625,374.9857177734375]]},{"type":"CloseSubpath"},{"type":"MoveToPoint","points":[[3.9820556640625,4.3024291992188637]]}],"windingRule":0,"lineJoinStyle":0,"miterLimit":10},"isBackgroundTexture":true,"textBaseline":0,"isVerticalText":false,"textureType":5},"initialState":{"affineTransform":[1,0,0,1,0,0],"masksToBounds":false,"rotation":0,"scale":1,"position":{"pointX":324.0179443359375,"pointY":187.69757080078114},"width":651,"sublayerTransform":[1,0,0,0,0,1,0,0,0,0,1,0,0,0,0,1],"contentsRect":{"y":0,"x":0,"width":1,"height":1},"opacity":1,"edgeAntialiasingMask":0,"height":379,"hidden":false,"anchorPoint":{"pointX":0.5,"pointY":0.5}},"texture":"FC51A5C6698B397A2787DD85520EEAD1"}]}]},{"animations":[],"initialState":{"affineTransform":[1,0,0,1,0,0],"masksToBounds":false,"rotation":0,"scale":1,"position":{"pointX":960,"pointY":540},"width":1920,"sublayerTransform":[1,0,0,0,0,1,0,0,0,0,1,0,0,0,0,1],"contentsRect":{"y":0,"x":0,"width":1,"height":1},"opacity":1,"edgeAntialiasingMask":251658240,"height":1080,"hidden":false,"anchorPoint":{"pointX":0.5,"pointY":0.5}},"layers":[{"animations":[],"initialState":{"affineTransform":[1,0,0,1,0,0],"masksToBounds":false,"rotation":0,"scale":1,"position":{"pointX":937.866943359375,"pointY":1000.4268193244934},"width":328,"sublayerTransform":[1,0,0,0,0,1,0,0,0,0,1,0,0,0,0,1],"contentsRect":{"y":0,"x":0,"width":1,"height":1},"opacity":1,"edgeAntialiasingMask":251658240,"height":33,"hidden":false,"anchorPoint":{"pointX":0.5,"pointY":0.5}},"objectID":"CFBF7D28-4E87-413D-965A-5A0DC068D003","layers":[{"animations":[],"layers":[],"texturedRectangle":{"singleTextureOpacity":1,"textXHeight":0.5013333333333333,"textBaseline":0.76408803824222449,"isBackgroundTexture":true,"isVerticalText":false,"textColor":[0,0,0,1],"textureType":6},"initialState":{"affineTransform":[1,0,0,1,0,0],"masksToBounds":false,"rotation":0,"scale":1,"position":{"pointX":166.133056640625,"pointY":25.573180675506592},"width":328,"sublayerTransform":[1,0,0,0,0,1,0,0,0,0,1,0,0,0,0,1],"contentsRect":{"y":0,"x":0,"width":1,"height":1},"opacity":1,"edgeAntialiasingMask":0,"height":33,"hidden":true,"anchorPoint":{"pointX":0.5,"pointY":0.5}},"texture":"986BB248B0618ABBAF4C55F27D6B8C96"}]}]},{"animations":[],"initialState":{"affineTransform":[1,0,0,1,0,0],"masksToBounds":false,"rotation":0,"scale":1,"position":{"pointX":960,"pointY":540},"width":1920,"sublayerTransform":[1,0,0,0,0,1,0,0,0,0,1,0,0,0,0,1],"contentsRect":{"y":0,"x":0,"width":1,"height":1},"opacity":1,"edgeAntialiasingMask":251658240,"height":1080,"hidden":false,"anchorPoint":{"pointX":0.5,"pointY":0.5}},"layers":[{"animations":[],"initialState":{"affineTransform":[1,0,0,1,0,0],"masksToBounds":false,"rotation":0,"scale":1,"position":{"pointX":1059.5136033000017,"pointY":928.55198440611218},"width":222,"sublayerTransform":[1,0,0,0,0,1,0,0,0,0,1,0,0,0,0,1],"contentsRect":{"y":0,"x":0,"width":1,"height":1},"opacity":1,"edgeAntialiasingMask":251658240,"height":120,"hidden":false,"anchorPoint":{"pointX":0.5,"pointY":0.5}},"objectID":"889B04A2-044B-483C-A86C-6D9DEF7EE3C1","layers":[{"animations":[],"layers":[],"texturedRectangle":{"singleTextureOpacity":1,"textXHeight":0,"shapePath":{"lineWidth":1,"flatness":0.59999999999999998,"lineCapStyle":0,"elements":[{"type":"MoveToPoint","points":[[3.6224997703737927,116.92584922441472]]},{"type":"AddCurve","points":[[28.741428333051886,77.455611372299472],[94.14889043308176,42.269177650579422],[199.8448860704641,11.366548059254228]]},{"type":"AddLine","points":[[202.25370170127849,10.683929155670626]]}],"windingRule":0,"lineJoinStyle":0,"miterLimit":10},"isBackgroundTexture":true,"textBaseline":0,"isVerticalText":false,"textureType":5},"initialState":{"affineTransform":[1,0,0,1,0,0],"masksToBounds":false,"rotation":0,"scale":1,"position":{"pointX":109.48639669999818,"pointY":58.448015593887817},"width":222,"sublayerTransform":[1,0,0,0,0,1,0,0,0,0,1,0,0,0,0,1],"contentsRect":{"y":0,"x":0,"width":1,"height":1},"opacity":1,"edgeAntialiasingMask":0,"height":120,"hidden":true,"anchorPoint":{"pointX":0.5,"pointY":0.5}},"texture":"0A7DA13ADE718961D14941BA989FBC96"}]}]}]}},{"effects":[{"beginTime":0,"baseLayer":{"animations":[],"initialState":{"affineTransform":[1,0,0,1,0,0],"masksToBounds":false,"rotation":0,"scale":1,"position":{"pointX":960,"pointY":540},"width":1920,"sublayerTransform":[1,0,0,0,0,1,0,0,0,0,1,0,0,0,0,1],"contentsRect":{"y":0,"x":0,"width":1,"height":1},"opacity":1,"edgeAntialiasingMask":251658240,"height":1080,"hidden":false,"anchorPoint":{"pointX":0.5,"pointY":0.5}},"objectID":"0","layers":[{"animations":[],"initialState":{"affineTransform":[1,0,0,1,0,0],"masksToBounds":false,"rotation":0,"scale":1,"position":{"pointX":960,"pointY":540},"width":1920,"sublayerTransform":[1,0,0,0,0,1,0,0,0,0,1,-0.00035007912466775983,0,0,0,1],"contentsRect":{"y":0,"x":0,"width":1,"height":1},"opacity":1,"edgeAntialiasingMask":251658240,"height":1080,"hidden":false,"anchorPoint":{"pointX":0.5,"pointY":0.5}},"layers":[{"animations":[],"layers":[],"texturedRectangle":{"isBackgroundTexture":false,"singleTextureOpacity":1,"textureType":0,"textBaseline":0,"textXHeight":0,"isVerticalText":false},"initialState":{"affineTransform":[1,0,0,1,0,0],"masksToBounds":false,"rotation":0,"scale":1,"position":{"pointX":960,"pointY":540},"width":1920,"sublayerTransform":[1,0,0,0,0,1,0,0,0,0,1,0,0,0,0,1],"contentsRect":{"y":0,"x":0,"width":1,"height":1},"opacity":1,"edgeAntialiasingMask":0,"height":1080,"hidden":false,"anchorPoint":{"pointX":0.5,"pointY":0.5}},"texture":"443A0F32394232D215C6D05B774D089D"},{"animations":[{"additive":false,"timeOffset":0,"beginTime":0,"from":{"scalar":false},"repeatCount":0,"fillMode":"both","duration":0.001,"autoreverses":false,"property":"hidden","to":{"scalar":true},"removedOnCompletion":false}],"layers":[],"texturedRectangle":{"isBackgroundTexture":false,"singleTextureOpacity":1,"textureType":0,"textBaseline":0,"textXHeight":0,"isVerticalText":false},"initialState":{"affineTransform":[1,0,0,1,0,0],"masksToBounds":false,"rotation":0,"scale":1,"position":{"pointX":960,"pointY":540},"width":1920,"sublayerTransform":[1,0,0,0,0,1,0,0,0,0,1,0,0,0,0,1],"contentsRect":{"y":0,"x":0,"width":1,"height":1},"opacity":1,"edgeAntialiasingMask":0,"height":1080,"hidden":false,"anchorPoint":{"pointX":0.5,"pointY":0.5}},"texture":"78636DF6F59E1A20D115AEE5FE56BEFE"}]}]},"effects":[],"duration":0.001,"type":"transition","attributes":{"direction":0},"name":"none","objectID":"0"}],"automaticPlay":false,"hyperlinks":[],"accessibility":[{"text":"indsat-film.png","targetRectangle":{"y":360.70370483398438,"x":1187.3533935546875,"width":129.89451599121094,"height":240.43386840820312}},{"text":"web browser","targetRectangle":{"y":541.23419189453125,"x":482.00054296874998,"width":190.91200000000003,"height":38.07177734375}},{"text":"cat.jpg","targetRectangle":{"y":445.54376101493835,"x":1612.7855224609375,"width":146.6880000000001,"height":55.656005859375}},{"text":"I've made a web game!","targetRectangle":{"y":280.21575927734375,"x":1339.8218732272451,"width":179.64800000000014,"height":77.07177734375}},{"text":"some sort of server \/ hosting service","targetRectangle":{"y":632.30242919921875,"x":1221.1135930175781,"width":538.97600000000011,"height":38.07177734375}},{"text":"I would like to play it!","targetRectangle":{"y":416.6024169921875,"x":205.7736001559561,"width":214.01600000000002,"height":77.07177734375}},{"text":"webgame.example.net","targetRectangle":{"y":987.92681932449341,"x":777.866943359375,"width":324.80000000000018,"height":37.10400390625}},{"text":"styles.css","targetRectangle":{"y":371.7744128704071,"x":1587.0574951171875,"width":210.67200000000003,"height":55.656005859375}},{"text":"styles.css","targetRectangle":{"y":372.2072741985321,"x":1587.0574951171875,"width":210.67200000000003,"height":55.656005859375}},{"text":"indsat-film.png","targetRectangle":{"y":512.06903076171875,"x":70.489158630371094,"width":129.89451599121094,"height":240.43386840820312}},{"text":"cat.jpg","targetRectangle":{"y":445.11089968681335,"x":1612.7855224609375,"width":146.6880000000001,"height":55.656005859375}},{"text":"How can I play your game?","targetRectangle":{"y":79,"x":99,"width":1054.595000911951,"height":100.53440856933594}},{"text":"gameplay.js","targetRectangle":{"y":518.8802478313446,"x":1565.697509765625,"width":253.39200000000005,"height":55.656005859375}},{"text":"index.html","targetRectangle":{"y":298.87078928947449,"x":1580.79345703125,"width":223.20000000000005,"height":55.656005859375}},{"text":"gameplay.js","targetRectangle":{"y":518.4473865032196,"x":1565.697509765625,"width":253.39200000000005,"height":55.656005859375}}],"baseLayer":{"animations":[],"initialState":{"affineTransform":[1,0,0,1,0,0],"masksToBounds":false,"rotation":0,"scale":1,"position":{"pointX":960,"pointY":540},"width":1920,"sublayerTransform":[1,0,0,0,0,1,0,0,0,0,1,0,0,0,0,1],"contentsRect":{"y":0,"x":0,"width":1,"height":1},"opacity":1,"edgeAntialiasingMask":251658240,"height":1080,"hidden":false,"anchorPoint":{"pointX":0.5,"pointY":0.5}},"objectID":"0","layers":[{"animations":[],"initialState":{"affineTransform":[1,0,0,1,0,0],"masksToBounds":false,"rotation":0,"scale":1,"position":{"pointX":960,"pointY":540},"width":1920,"sublayerTransform":[1,0,0,0,0,1,0,0,0,0,1,-0.00035007912466775983,0,0,0,1],"contentsRect":{"y":0,"x":0,"width":1,"height":1},"opacity":1,"edgeAntialiasingMask":251658240,"height":1080,"hidden":false,"anchorPoint":{"pointX":0.5,"pointY":0.5}},"layers":[{"animations":[],"layers":[],"texturedRectangle":{"isBackgroundTexture":false,"singleTextureOpacity":1,"textureType":0,"textBaseline":0,"textXHeight":0,"isVerticalText":false},"initialState":{"affineTransform":[1,0,0,1,0,0],"masksToBounds":false,"rotation":0,"scale":1,"position":{"pointX":960,"pointY":540},"width":1920,"sublayerTransform":[1,0,0,0,0,1,0,0,0,0,1,0,0,0,0,1],"contentsRect":{"y":0,"x":0,"width":1,"height":1},"opacity":1,"edgeAntialiasingMask":0,"height":1080,"hidden":false,"anchorPoint":{"pointX":0.5,"pointY":0.5}},"texture":"78636DF6F59E1A20D115AEE5FE56BEFE"}]}]}}]}