{"assets":{"A1DD739907DD04905FC619B43F8C1FCA":{"type":"texture","index":1,"url":{"native":"assets\/63AA5113-E1FF-449F-8191-EAC6D0A3AD40.pdf"},"width":1920,"height":1080},"0D386878B2EFB48E88A23A5F7973495E":{"type":"texture","index":0,"url":{"native":"assets\/63AA5113-E1FF-449F-8191-EAC6D0A3AD40.pdf"},"width":1920,"height":1080}},"events":[{"effects":[{"beginTime":0.5,"baseLayer":{"animations":[],"initialState":{"affineTransform":[1,0,0,1,0,0],"masksToBounds":false,"rotation":0,"scale":1,"position":{"pointX":960,"pointY":540},"width":1920,"sublayerTransform":[1,0,0,0,0,1,0,0,0,0,1,0,0,0,0,1],"contentsRect":{"y":0,"x":0,"width":1,"height":1},"opacity":1,"edgeAntialiasingMask":251658240,"height":1080,"hidden":false,"anchorPoint":{"pointX":0.5,"pointY":0.5}},"objectID":"0","layers":[{"animations":[],"initialState":{"affineTransform":[1,0,0,1,0,0],"masksToBounds":false,"rotation":0,"scale":1,"position":{"pointX":960,"pointY":540},"width":1920,"sublayerTransform":[1,0,0,0,0,1,0,0,0,0,1,-0.00035007912466775983,0,0,0,1],"contentsRect":{"y":0,"x":0,"width":1,"height":1},"opacity":1,"edgeAntialiasingMask":251658240,"height":1080,"hidden":false,"anchorPoint":{"pointX":0.5,"pointY":0.5}},"layers":[{"animations":[],"layers":[],"texturedRectangle":{"isBackgroundTexture":false,"singleTextureOpacity":1,"textureType":0,"textBaseline":0,"textXHeight":0,"isVerticalText":false},"initialState":{"affineTransform":[1,0,0,1,0,0],"masksToBounds":false,"rotation":0,"scale":1,"position":{"pointX":960,"pointY":540},"width":1920,"sublayerTransform":[1,0,0,0,0,1,0,0,0,0,1,0,0,0,0,1],"contentsRect":{"y":0,"x":0,"width":1,"height":1},"opacity":1,"edgeAntialiasingMask":0,"height":1080,"hidden":false,"anchorPoint":{"pointX":0.5,"pointY":0.5}},"texture":"A1DD739907DD04905FC619B43F8C1FCA"},{"animations":[{"repeatCount":0,"removedOnCompletion":false,"from":{"scalar":1},"timingFunction":"EaseInEaseOut","additive":false,"timeOffset":0,"autoreverses":false,"property":"opacity","fillMode":"both","duration":1.5,"beginTime":0,"to":{"scalar":0}}],"layers":[],"texturedRectangle":{"isBackgroundTexture":false,"singleTextureOpacity":1,"textureType":0,"textBaseline":0,"textXHeight":0,"isVerticalText":false},"initialState":{"affineTransform":[1,0,0,1,0,0],"masksToBounds":false,"rotation":0,"scale":1,"position":{"pointX":960,"pointY":540},"width":1920,"sublayerTransform":[1,0,0,0,0,1,0,0,0,0,1,0,0,0,0,1],"contentsRect":{"y":0,"x":0,"width":1,"height":1},"opacity":1,"edgeAntialiasingMask":0,"height":1080,"hidden":false,"anchorPoint":{"pointX":0.5,"pointY":0.5}},"texture":"0D386878B2EFB48E88A23A5F7973495E"}]}]},"effects":[],"duration":1.5,"type":"transition","attributes":{"direction":0},"name":"apple:dissolve","objectID":"0"}],"automaticPlay":true,"hyperlinks":[],"accessibility":[{"text":"server.js","targetRectangle":{"y":788.555983543396,"x":1279,"width":138.62400000000002,"height":43.936004638671875}},{"text":"(cat)","targetRectangle":{"y":701.1230456829071,"x":361.20440673828125,"width":91.536000000000001,"height":55.656005859375}},{"text":"some sort of server \/ hosting service","targetRectangle":{"y":632.30242919921875,"x":1221.1135930175781,"width":538.97600000000011,"height":38.07177734375}},{"text":"styles.css","targetRectangle":{"y":775.6341552734375,"x":1570.0777587890625,"width":166.78199999999993,"height":43.936004638671875}},{"text":"gameplay.js","targetRectangle":{"y":892.90252685546875,"x":1553,"width":200.60200000000009,"height":43.936004638671875}},{"text":"(the html)","targetRectangle":{"y":604.4580066204071,"x":361.46011352539062,"width":199.19999999999993,"height":55.656005859375}},{"text":"web browser","targetRectangle":{"y":541.23419189453125,"x":482.00054296874998,"width":190.91200000000003,"height":38.07177734375}},{"text":"(gameplay)","targetRectangle":{"y":701.1230456829071,"x":550.02886962890625,"width":233.80799999999999,"height":55.656005859375}},{"text":"index.html","targetRectangle":{"y":717,"x":1565.069580078125,"width":176.70000000000005,"height":43.936004638671875}},{"text":"cat.jpg","targetRectangle":{"y":834.26837158203125,"x":1590.64794921875,"width":116.12799999999993,"height":43.936004638671875}},{"text":"(styles)","targetRectangle":{"y":604.4580066204071,"x":636.06988525390625,"width":148.41599999999994,"height":55.656005859375}}],"baseLayer":{"animations":[],"initialState":{"affineTransform":[1,0,0,1,0,0],"masksToBounds":false,"rotation":0,"scale":1,"position":{"pointX":960,"pointY":540},"width":1920,"sublayerTransform":[1,0,0,0,0,1,0,0,0,0,1,0,0,0,0,1],"contentsRect":{"y":0,"x":0,"width":1,"height":1},"opacity":1,"edgeAntialiasingMask":251658240,"height":1080,"hidden":false,"anchorPoint":{"pointX":0.5,"pointY":0.5}},"objectID":"0","layers":[{"animations":[],"initialState":{"affineTransform":[1,0,0,1,0,0],"masksToBounds":false,"rotation":0,"scale":1,"position":{"pointX":960,"pointY":540},"width":1920,"sublayerTransform":[1,0,0,0,0,1,0,0,0,0,1,-0.00035007912466775983,0,0,0,1],"contentsRect":{"y":0,"x":0,"width":1,"height":1},"opacity":1,"edgeAntialiasingMask":251658240,"height":1080,"hidden":false,"anchorPoint":{"pointX":0.5,"pointY":0.5}},"layers":[{"animations":[],"layers":[],"texturedRectangle":{"isBackgroundTexture":false,"singleTextureOpacity":1,"textureType":0,"textBaseline":0,"textXHeight":0,"isVerticalText":false},"initialState":{"affineTransform":[1,0,0,1,0,0],"masksToBounds":false,"rotation":0,"scale":1,"position":{"pointX":960,"pointY":540},"width":1920,"sublayerTransform":[1,0,0,0,0,1,0,0,0,0,1,0,0,0,0,1],"contentsRect":{"y":0,"x":0,"width":1,"height":1},"opacity":1,"edgeAntialiasingMask":0,"height":1080,"hidden":false,"anchorPoint":{"pointX":0.5,"pointY":0.5}},"texture":"0D386878B2EFB48E88A23A5F7973495E"}]}]}}]}