{"assets":{"0B8188C2B2D8832133F3FDB33DF88659":{"type":"texture","index":0,"url":{"native":"assets\/BA0BFA19-5635-47BF-9E1B-9EBC8C807C47.pdf"},"width":1920,"height":1080},"5E19F2279834CD8B8A36501C4EE986F1":{"type":"texture","index":1,"url":{"native":"assets\/BA0BFA19-5635-47BF-9E1B-9EBC8C807C47.pdf"},"width":1920,"height":1080}},"events":[{"effects":[{"beginTime":0,"baseLayer":{"animations":[],"initialState":{"affineTransform":[1,0,0,1,0,0],"masksToBounds":false,"rotation":0,"scale":1,"position":{"pointX":960,"pointY":540},"width":1920,"sublayerTransform":[1,0,0,0,0,1,0,0,0,0,1,0,0,0,0,1],"contentsRect":{"y":0,"x":0,"width":1,"height":1},"opacity":1,"edgeAntialiasingMask":251658240,"height":1080,"hidden":false,"anchorPoint":{"pointX":0.5,"pointY":0.5}},"objectID":"0","layers":[{"animations":[],"initialState":{"affineTransform":[1,0,0,1,0,0],"masksToBounds":false,"rotation":0,"scale":1,"position":{"pointX":960,"pointY":540},"width":1920,"sublayerTransform":[1,0,0,0,0,1,0,0,0,0,1,-0.00035007912466775983,0,0,0,1],"contentsRect":{"y":0,"x":0,"width":1,"height":1},"opacity":1,"edgeAntialiasingMask":251658240,"height":1080,"hidden":false,"anchorPoint":{"pointX":0.5,"pointY":0.5}},"layers":[{"animations":[],"layers":[],"texturedRectangle":{"isBackgroundTexture":false,"singleTextureOpacity":1,"textureType":0,"textBaseline":0,"textXHeight":0,"isVerticalText":false},"initialState":{"affineTransform":[1,0,0,1,0,0],"masksToBounds":false,"rotation":0,"scale":1,"position":{"pointX":960,"pointY":540},"width":1920,"sublayerTransform":[1,0,0,0,0,1,0,0,0,0,1,0,0,0,0,1],"contentsRect":{"y":0,"x":0,"width":1,"height":1},"opacity":1,"edgeAntialiasingMask":0,"height":1080,"hidden":false,"anchorPoint":{"pointX":0.5,"pointY":0.5}},"texture":"5E19F2279834CD8B8A36501C4EE986F1"},{"animations":[{"additive":false,"timeOffset":0,"beginTime":0,"from":{"scalar":false},"repeatCount":0,"fillMode":"both","duration":0.001,"autoreverses":false,"property":"hidden","to":{"scalar":true},"removedOnCompletion":false}],"layers":[],"texturedRectangle":{"isBackgroundTexture":false,"singleTextureOpacity":1,"textureType":0,"textBaseline":0,"textXHeight":0,"isVerticalText":false},"initialState":{"affineTransform":[1,0,0,1,0,0],"masksToBounds":false,"rotation":0,"scale":1,"position":{"pointX":960,"pointY":540},"width":1920,"sublayerTransform":[1,0,0,0,0,1,0,0,0,0,1,0,0,0,0,1],"contentsRect":{"y":0,"x":0,"width":1,"height":1},"opacity":1,"edgeAntialiasingMask":0,"height":1080,"hidden":false,"anchorPoint":{"pointX":0.5,"pointY":0.5}},"texture":"0B8188C2B2D8832133F3FDB33DF88659"}]}]},"effects":[],"duration":0.001,"type":"transition","attributes":{"direction":0},"name":"none","objectID":"0"}],"automaticPlay":false,"hyperlinks":[],"accessibility":[{"text":"for any request matching \\\"GET \/static\/......\\\"","targetRectangle":{"y":338.52792358398438,"x":146.52000045776367,"width":914.52239999999983,"height":54.669445800781261}},{"text":"look for a file \\\"\/home\/web\/project\/static\/......\\\"","targetRectangle":{"y":389.06097770048507,"x":242.52000045776367,"width":956.57759999999962,"height":99.219446229934704}},{"text":"if such a file exists, then reply \\\"200 OK\\\" with an appropriate Content-Type and then the contents of that file","targetRectangle":{"y":484.14403224613926,"x":242.52000045776367,"width":1577.3313600000008,"height":149.7525003464354}},{"text":"if it's *.html, then use Content-Type: \\\"text\/html\\\"\\u2028if it's *.css, then use Content-Type: \\\"text\/css\\\"\\u2028if it's *.jpg, then use Content-Type: \\\"image\/jpeg\\\"\\u2028etc","targetRectangle":{"y":629.76014090829415,"x":290.52000045776367,"width":1029.8204799999994,"height":250.81860857943673}},{"text":"otherwise (i.e. if no such file exists), reply \\\"404 Not Found\\\"","targetRectangle":{"y":876.44235780345036,"x":242.52000045776367,"width":1237.4207999999999,"height":99.219446229934647}},{"text":"Static Content","targetRectangle":{"y":79,"x":99,"width":560.40500049397349,"height":100.53440856933594}},{"text":"which is to say: \\\"it's just a file\\\". For example:","targetRectangle":{"y":180.44745779037476,"x":98.599999904632568,"width":1172.105,"height":66.404617309570312}}],"baseLayer":{"animations":[],"initialState":{"affineTransform":[1,0,0,1,0,0],"masksToBounds":false,"rotation":0,"scale":1,"position":{"pointX":960,"pointY":540},"width":1920,"sublayerTransform":[1,0,0,0,0,1,0,0,0,0,1,0,0,0,0,1],"contentsRect":{"y":0,"x":0,"width":1,"height":1},"opacity":1,"edgeAntialiasingMask":251658240,"height":1080,"hidden":false,"anchorPoint":{"pointX":0.5,"pointY":0.5}},"objectID":"0","layers":[{"animations":[],"initialState":{"affineTransform":[1,0,0,1,0,0],"masksToBounds":false,"rotation":0,"scale":1,"position":{"pointX":960,"pointY":540},"width":1920,"sublayerTransform":[1,0,0,0,0,1,0,0,0,0,1,-0.00035007912466775983,0,0,0,1],"contentsRect":{"y":0,"x":0,"width":1,"height":1},"opacity":1,"edgeAntialiasingMask":251658240,"height":1080,"hidden":false,"anchorPoint":{"pointX":0.5,"pointY":0.5}},"layers":[{"animations":[],"layers":[],"texturedRectangle":{"isBackgroundTexture":false,"singleTextureOpacity":1,"textureType":0,"textBaseline":0,"textXHeight":0,"isVerticalText":false},"initialState":{"affineTransform":[1,0,0,1,0,0],"masksToBounds":false,"rotation":0,"scale":1,"position":{"pointX":960,"pointY":540},"width":1920,"sublayerTransform":[1,0,0,0,0,1,0,0,0,0,1,0,0,0,0,1],"contentsRect":{"y":0,"x":0,"width":1,"height":1},"opacity":1,"edgeAntialiasingMask":0,"height":1080,"hidden":false,"anchorPoint":{"pointX":0.5,"pointY":0.5}},"texture":"0B8188C2B2D8832133F3FDB33DF88659"}]}]}}]}